Species Name,Latitude,Longitude,Day,Month,Year,Local Time,Location Name,Loc Reliability,Sp Code,ID Reliability,Min. Number of Animals,Max. Number of Animals,Animal Condition,Platform,Type of Sighting,Type of Gear,Target Species,Strand or Entrapment Outcome,Depth (m),Distance From Obs (m),Discard Wt (kg)
Leatherback Turtle,42.45,-65.7333,1,8,2024,20:10,Offshore,1,9701,1,1,1,Alive,Fishing Vessel,Free Swimming,,,,,50,
Leatherback Turtle,47.7667,-59.3667,2,8,2024,8:20,Offshore,1,9701,1,1,1,Alive,Fishing Vessel,Free Swimming,,,,,,
Leatherback Turtle,47.5063,-59.0527,10,8,2024,10:30,off Margaree,2,9701,1,2,2,Alive,Fishing Vessel,Free Swimming,,,,200,,
Leatherback Turtle,42.5833,-65.75,19,8,2024,,Offshore,1,9701,1,1,1,Alive,Fishing Vessel,Free Swimming,,,,,100,
Leatherback Turtle,47.2322,-61.516,19,8,2024,,Quebec Region,1,9701,1,1,1,Alive,Fishing Vessel,Entrapment,Trawl,Groundfish,Alive,50,,
Leatherback Turtle,53.9297,-56.5368,28,8,2024,,Gannet Islands,2,9701,1,1,1,Dead,Fishing Vessel,Entrapment,Pot,Crab,Dead,50,,
Leatherback Turtle,48.1453,-52.8293,31,8,2024,,off  Baccalieu Island,2,9701,1,1,1,Alive,Fishing Vessel,Free Swimming,,,,100,,
Leatherback Turtle,47.0678,-62.4715,,8,2024,,Quebec Region,1,9701,1,1,1,Alive,Fishing Vessel,Free Swimming,,,,100,,
Leatherback Turtle,47.0833,-55.8483,,8,2024,,Burin,2,9701,1,1,1,Alive,Fishing Vessel,Free Swimming,,,,50,,
Leatherback Turtle,46.9596,-52.7745,,8,2024,,Fermeuse,2,9701,1,1,1,Alive,Fishing Vessel,Free Swimming,,,,200,,
Leatherback Turtle,47.4,-55.58,,8,2024,,Boxey Point  Connaigra Penninsula,2,9701,1,1,1,Alive,Fishing Vessel,Free Swimming,,,,,,
Leatherback Turtle,46.8828,-54.2814,,8,2024,,Cape St. Mary's,2,9701,1,2,2,Alive,Fishing Vessel,Free Swimming,,,,50,,
Leatherback Turtle,47.6007,-58.697,,8,2024,,Rose Blanche,2,9701,1,5,5,Alive,Fishing Vessel,Free Swimming,,,,50,,
Leatherback Turtle,47.6013,-58.698,,8,2024,,Near Rose Blanche,1,9701,1,1,1,Alive,Fishing Vessel,Entrapment,Gillnet,Groundfish,Alive,50,,
Leatherback Turtle,46.91,-56.07,8,9,2024,,Between St. Pierre and Fortune,2,9701,1,1,1,Alive,Ferry,Free Swimming,,,,,,
Leatherback Turtle,49.4772,-55.5158,12,9,2024,8:00,near Leading Tickles  Notre Dame Bay,1,9701,1,1,1,Alive,Shore,Entrapment,Gillnet,Groundfish,Alive,200,100,
Leatherback Turtle,49.6535,-55.4012,16,9,2024,,Leading Tickles  NDB,2,9701,1,1,1,Alive,Fishing Vessel,Entrapment,Gillnet,Groundfish,Alive,400,,
Leatherback Turtle,48.8754,-53.6547,19,9,2024,,St. Brendan's,1,9701,1,1,1,Dead,Shore,Stranding,,,Dead,0,,
Leatherback Turtle,49.7088,-54.293,23,9,2024,,Fogo Island,1,9701,1,1,1,Alive,Fishing Vessel,Free Swimming,,,,50,,
Leatherback Turtle,47.45,-61.6167,24,9,2024,,Quebec Region,1,9701,1,1,1,Alive,Patrol Vessel,Free Swimming,,,,50,,
Leatherback Turtle,47.1318,-51.1262,25,9,2024,,Offshore,1,9701,1,1,1,Alive,Fishing Vessel,Free Swimming,,,,,,
Leatherback Turtle,46.6083,-52.3967,25,9,2024,16:00,Off Cape Race,1,9701,1,1,1,Alive,Fishing Vessel,Free Swimming,,,,200,,
Leatherback Turtle,47.56,-53.1,,9,2024,,Conception Bay,1,9701,1,1,1,Alive,Sailboat,Free Swimming,,,,90,150,
Leatherback Turtle,50.0721,-61.785,,9,2024,,Natashquan  QC,2,9701,1,1,1,Alive,Fishing Vessel,Free Swimming,,,,100,,
Leatherback Turtle,47.1169,-55.0359,,9,2024,,off Marystown,2,9701,1,1,1,Alive,Fishing Vessel,Free Swimming,,,,200,,
Leatherback Turtle,47.2817,-54.0514,,9,2024,,Placentia Bay,1,9701,1,1,1,Alive,Small boat,Free Swimming,,,,50,,
Leatherback Turtle,47.1343,-55.7632,1,10,2024,,off Grand Bank,2,9701,1,1,1,Alive,Fishing Vessel,Free Swimming,,,,100,,
Leatherback Turtle,47.1114,-55.8667,2,10,2024,,off Fortune,2,9701,1,1,1,Alive,Fishing Vessel,Free Swimming,,,,200,,
Leatherback Turtle,48.3908,-53.2901,4,10,2024,,Champney's Cove West  TB (Port Rexton),1,9701,1,1,1,Dead,Shore,Stranding,,,Dead,0,,
Leatherback Turtle,48.3908,-53.2901,7,10,2024,,Champney's Cove West  TB (Port Rexton),1,9701,1,1,1,Dead,Shore,Stranding,,,Dead,0,,
Leatherback Turtle,46.8966,-55.9195,11,10,2024,,Point May  Burin Penn.,1,9701,1,1,1,Dead,Shore,Stranding,,,Dead,0,,
Leatherback Turtle,46.9237,-55.388,26,10,2024,,St. Lawrence,1,9701,1,1,1,Dead,Shore,Stranding,,,Dead,0,,
Leatherback Turtle,48.6475,-58.8428,12,11,2024,,Picadilly  Port au Port Peninsula,1,9701,1,1,1,Dead,Shore,Stranding,,,Dead,0,,
Leatherback Turtle,46.1187,-58.6269,,,2024,,off Rose Blanche,2,9701,1,1,1,Alive,Fishing Vessel,Free Swimming,,,,400,,
Leatherback Turtle,46.4431,-55.5582,,,2024,,Lawn,2,9701,1,1,1,Alive,Fishing Vessel,Free Swimming,,,,200,,
Leatherback Turtle,47.4015,-55.5734,,,2024,,off Boxey Point,2,9701,1,1,1,Alive,Fishing Vessel,Free Swimming,,,,100,,
Leatherback Turtle,47.4553,-56.0303,,,2024,,Seal Cove  Hermitage Bay,2,9701,1,1,1,Alive,Fishing Vessel,Free Swimming,,,,50,,
Leatherback Turtle,47.0217,-52.6441,,,2024,,off Ferryland,2,9701,1,1,1,Alive,Fishing Vessel,Free Swimming,,,,200,,
Leatherback Turtle,48.1392,-52.0426,,,2024,,off  Baccalieu Island,2,9701,1,2,2,Alive,Fishing Vessel,Free Swimming,,,,200,,
Leatherback Turtle,47.9015,-53.5426,,,2024,,Trinity Bay,2,9701,1,2,2,Alive,Fishing Vessel,Free Swimming,,,,400,,
Leatherback Turtle,46.7502,-57.7288,,,2024,,off Burgeo Bank,2,9701,1,3,3,Alive,Fishing Vessel,Free Swimming,,,,400,,
Leatherback Turtle,48.095,-48.8508,19,5,2024,14:05,SHAWINIGAN,2,9701,2,1,1,Dead,Military Vessel,Unknown,,,Dead,,,
Unknown Turtle,43.7443,-62.6,5,6,2024,21:45,Offshore,2,20,2,5,5,Alive,Military Vessel,Free Swimming,,,,,,
Green Turtle,42.5167,-61.4333,7,6,2024,,,1,9703,1,1,1,Alive,Offshore Industry Platform,Free Swimming,,,,,100,
Unknown Turtle,41.4783,-66.0933,15,6,2024,12:50,Offshore,2,20,2,1,1,Alive,Fishing Vessel,Free Swimming,,,,,,
Unknown Turtle,37.2183,-74.9357,21,6,2024,20:50,VILLE DE QUEBEC,2,20,2,1,1,Alive,Military Vessel,Free Swimming,,,,,,180
Unknown Turtle,37.1465,-74.933,21,6,2024,20:30,VILLE DE QUEBEC,2,20,2,1,1,Unknown,Military Vessel,Unknown,,,,,,180
Leatherback Turtle,45.6333,-59.8667,12,7,2024,,Offshore,1,9701,2,1,1,Alive,Fishing Vessel,Entrapment,,,Alive,,,
Leatherback Turtle,46.3341,-55.3265,14,7,2024,17:00,Burin,1,9701,1,1,1,Alive,Fishing Vessel,Free Swimming,,,,200,,
Leatherback Turtle,46.6675,-55.2337,14,7,2024,14:30,St. Lawrence,1,9701,1,1,1,Alive,Fishing Vessel,Free Swimming,,,,200,,
Leatherback Turtle,46.8167,-55.6,18,7,2024,,Fermeuse,1,9701,1,1,1,Alive,Fishing Vessel,Free Swimming,,,,400,,
Leatherback Turtle,45.4425,-60.5643,20,7,2024,,Offshore,1,9701,2,1,1,Alive,Fishing Vessel,Entrapment,Pot,Unknown,Alive,,,
Leatherback Turtle,47.3333,-57.65,29,7,2024,12:10,Offshore,1,9701,1,1,1,Alive,Fishing Vessel,Free Swimming,,,,,,
Leatherback Turtle,47.168,-60.6953,,7,2024,,Offshore,1,9701,1,1,1,Alive,Fishing Vessel,Free Swimming,,,,,,
Leatherback Turtle,47.0184,-55.957,,7,2024,,Fortune,1,9701,1,1,1,Alive,Ferry,Free Swimming,,,,100,,
Leatherback Turtle,46.7409,-52.7644,,7,2024,,Fermeuse,2,9701,1,1,1,Alive,Fishing Vessel,Entrapment,Pot,Crab,Alive,200,,
Leatherback Turtle,46.8601,-56.1832,1,8,2024,,Near St. Pierre,2,9701,1,1,1,Alive,Fishing Vessel,Free Swimming,,,,,,
Leatherback Turtle,46.5623,-60.252,2,8,2024,,Offshore,1,9701,2,1,1,Alive,Fishing Vessel,Free Swimming,,,,,,
Unknown Turtle,42.1333,-66.55,2,8,2024,,,1,20,1,1,1,Alive,Fishing Vessel - Observer Trip,Free Swimming,,,,,,
Leatherback Turtle,43.5,-52.0167,4,8,2024,13:30,Point Lance,1,9701,1,1,1,Alive,Fishing Vessel,Free Swimming,,,,500,,
Leatherback Turtle,50.9665,-55.7674,5,8,2024,,Fox Head and Conche  Northern Peninsula,2,9701,1,1,1,Alive,Unknown,Free Swimming,,,,,,
Leatherback Turtle,47.4142,-55.5586,5,8,2024,,Off Boxey Point off English Harbour West,2,9701,1,1,1,Alive,Unknown,Free Swimming,,,,,,
Leatherback Turtle,43.1333,-51.0167,7,8,2024,14:00,Point Lance,1,9701,1,1,1,Alive,Fishing Vessel,Free Swimming,,,,200,,
Leatherback Turtle,47.1065,-55.8995,8,8,2024,18:50,Fortune,1,9701,1,1,1,Alive,Fishing Vessel,Entrapment,Gillnet,Groundfish,Alive,400,,
Leatherback Turtle,46.85,-55.3342,10,8,2024,10:20,St. Lawrence,1,9701,1,1,1,Alive,Fishing Vessel,Free Swimming,,,,100,,
Leatherback Turtle,47.6225,-59.2882,11,8,2024,,Port aux Basques  S.S.,1,9701,1,1,1,Alive,Fishing Vessel,Entrapment,Gillnet,Mackeral,Alive,50,,
Leatherback Turtle,47.08,-52.8203,12,8,2024,6:00,Cape Broyle,1,9701,1,1,1,Alive,Fishing Vessel,Entrapment,,,Alive,100,,
Leatherback Turtle,47.2975,-55.4173,15,8,2024,10:00,Garnish  F.B.,1,9701,1,1,1,Alive,Fishing Vessel,Free Swimming,,,,200,,
Leatherback Turtle,46.814,-56.0554,17,8,2024,,Near St. Pierre,2,9701,1,1,1,Alive,Fishing Vessel,Free Swimming,,,,,,
Leatherback Turtle,47.2407,-55.5061,20,8,2024,,Garnish  F.B.,2,9701,1,1,1,Alive,Patrol RHIB,Free Swimming,,,,200,,
Leatherback Turtle,47.0782,-56.0159,20,8,2024,,Fortune,2,9701,1,3,3,Alive,Patrol RHIB,Free Swimming,,,,400,,
Leatherback Turtle,47.6184,-57.6185,21,8,2024,,Burgeo,1,9701,1,1,1,Alive,Shore,Free Swimming,,,,50,,
Leatherback Turtle,46.8309,-56.2203,21,8,2024,,Near St. Pierre,2,9701,1,1,1,Alive,Fishing Vessel,Free Swimming,,,,,,
Leatherback Turtle,46.7835,-55.2837,22,8,2024,13:17,St. Lawrence,1,9701,1,1,1,Alive,Fishing Vessel,Free Swimming,,,,100,,
Leatherback Turtle,46.6,-55.2667,23,8,2024,15:30,Burin,1,9701,1,1,1,Alive,Fishing Vessel,Free Swimming,,,,200,,
Leatherback Turtle,47.5178,-57.7316,24,8,2024,,Burgeo Islands,2,9701,1,1,1,Alive,Fishing Vessel,Free Swimming,,,,200,,
Leatherback Turtle,46.8129,-56.1353,27,8,2024,,Near St. Pierre,2,9701,1,1,1,Alive,Shore,Free Swimming,,,,,,
Leatherback Turtle,46.9324,-56.0152,29,8,2024,,Inside Danzig pte. And fortune,2,9701,2,1,1,Alive,Small boat,Free Swimming,,,,,,
Leatherback Turtle,43.1,-51.33,30,8,2024,17:00,Point Lance,1,9701,1,1,1,Alive,Fishing Vessel,Free Swimming,,,,1000,,
Leatherback Turtle,46.8961,-56.0741,30,8,2024,,Green Island,2,9701,1,1,1,Alive,Shore,Free Swimming,,,,100,,
Leatherback Turtle,70.95,-68.6927,31,8,2024,12:00,Offshore,2,9701,2,10,12,Alive,Military Vessel,Free Swimming,,,,,,
Leatherback Turtle,46.9667,-56.25,31,8,2024,,AU LARGE ISTHME,1,9701,1,2,2,Alive,Fishing Vessel,Entrapment,,,Alive,,,
Leatherback Turtle,51.4673,-56.8857,31,8,2024,,L'Anse-Amour  Labrador,2,9701,1,1,1,Alive,Shore,Free Swimming,,,,50,,
Leatherback Turtle,50.8779,-55.879,,8,2024,,,2,9701,1,1,1,Alive,Fishing Vessel,Free Swimming,,,,50,,
Leatherback Turtle,47.2,-55.58,,8,2024,,Boxey Point  Connaigra Penninsula,2,9701,1,1,1,Alive,Fishing Vessel,Free Swimming,,,,,,
Leatherback Turtle,47.2025,-54.1188,3,9,2024,,Little Barasway,2,9701,1,3,3,Alive,Fishing Vessel,Free Swimming,,,,100,,
Leatherback Turtle,47.1974,-54.0884,3,9,2024,,Little Barasway  PB,2,9701,1,3,3,Alive,Fishing Vessel,Free Swimming,,,,,,
Leatherback Turtle,46.8333,-54.2833,3,9,2024,,Cape St. Mary's,1,9701,1,1,1,Alive,Fishing Vessel,Entrapment,Gillnet,Groundfish,Alive,50,,
Leatherback Turtle,48.612,-51.76,6,9,2024,12:00,Eastern Avalon,1,9701,1,1,1,Alive,Satellite Tag Location,Free Swimming,,,,400,,
Leatherback Turtle,46.8607,-54.2858,7,9,2024,,St. Brides  P.B.,1,9701,1,1,1,Alive,Fishing Vessel,Entrapment,Gillnet,Cod,Alive,50,,
Leatherback Turtle,47.557,-52.991,9,9,2024,18:30,Conception Bay,1,9701,1,1,1,Alive,Sailboat,Free Swimming,,,,80,100,
Leatherback Turtle,46.8333,-54.26,15,9,2024,,Cape St. Mary's,1,9701,1,1,1,Alive,Fishing Vessel,Free Swimming,,,,,,800
Leatherback Turtle,47.3108,-54.2586,15,9,2024,,Red Island  P.B.,2,9701,1,1,1,Alive,Fishing Vessel,Free Swimming,,,,400,,
Leatherback Turtle,47.6564,-53.5315,1,12,2024,,Greens Harbour  T.B.,1,9701,1,1,1,Alive,Shore,Free Swimming,,,,50,,
Unknown Turtle,42.1433,-67.304,14,3,2024,12:24,Offshore,2,20,2,1,1,Alive,Military Vessel,Free Swimming,,,,,,
Unknown Turtle,42.1433,-67.304,14,3,2024,12:24,Offshore,1,20,1,1,1,Alive,Military Vessel,Free Swimming,,,,,,
Leatherback Turtle,37.163,-74.0908,10,4,2024,,,1,9701,1,1,1,Alive,Military Vessel,Free Swimming,,,,,,
Leatherback Turtle,46.5413,-63.8457,10,5,2024,,Malpeque Bay  P.E.I.,1,9701,1,1,1,Dead,Shore,Stranding,,,Dead,,,
Unknown Turtle,47.0832,-60.5658,16,5,2024,23:12,Offshore,2,20,2,3,3,Alive,Military Vessel,Free Swimming,,,,,,
Leatherback Turtle,47.1683,-52.6383,18,5,2024,12:50,Offshore,2,9701,2,7,9,Alive,Military Vessel,Free Swimming,,,,,,
Leatherback Turtle,48.5764,-53.2232,5,6,2024,,Bonavista Bay,1,9701,1,1,1,Alive,Fishing Vessel,Free Swimming,,,,22,2,
Leatherback Turtle,47.0066,-54.9524,8,7,2024,,Mortier Bank  Placentia Bay,1,9701,1,1,1,Alive,Fishing Vessel,Entrapment,,,Alive,,,
Leatherback Turtle,46.5994,-56.039,15,7,2024,,St. Pierre Bank,1,9701,1,1,1,Alive,Fishing Vessel,Free Swimming,Gillnet,Cod,,,,
Leatherback Turtle,44.7975,-60.9363,15,7,2024,20:17,Offshore,1,9701,1,1,1,Alive,King Air,Free Swimming,,,,,,
Leatherback Turtle,47.5178,-52.6192,31,7,2024,,Cape Spear  Southern Avalon,1,9701,1,1,1,Alive,Shore,Free Swimming,,,,,,
Leatherback Turtle,46.7467,-59.5483,1,8,2024,,Cape breton,1,9701,1,1,1,Alive,Fishing Vessel,Entrapment,,,Alive,,,
Leatherback Turtle,47.5865,-52.354,4,8,2024,,12 mile off St. John’s ,1,9701,1,1,1,Alive,Fishing Vessel,Free Swimming,,,,,,
Leatherback Turtle,49.2167,-51.6,6,8,2024,0:00,Offshore,1,9701,1,1,1,Alive,Fishing Vessel,Free Swimming,,,,,5,
Leatherback Turtle,53.5331,-55.7865,9,8,2024,,Spotted Island  Labrador,1,9701,1,1,1,Alive,Recreation Vessel,Free Swimming,,,,50,2,
Leatherback Turtle,47.6,-57.6238,9,8,2024,,Burgeo,1,9701,1,1,1,Alive,Fishing Vessel,Free Swimming,,,,,,
Unknown Turtle,47.4273,-52.3352,9,8,2024,9:30,ST JOHN'S,2,20,2,1,1,Alive,Military Vessel,Unknown,,,,,,
Leatherback Turtle,47.1592,-55.1557,10,8,2024,,Under Canning’s bridge  Marystown  Placentia Bay,2,9701,1,1,1,Alive,Unknown,Free Swimming,,,,,,
Leatherback Turtle,47.816,-52.7732,10,8,2024,,The Brandies  Cape St. Francis  Avalon,2,9701,1,1,1,Alive,Unknown,Free Swimming,,,,,,
Leatherback Turtle,47.3464,-59.7018,15,8,2024,,Gulf ferry  2 hours out of Port aux Basques,1,9701,1,1,1,Alive,Ferry,Free Swimming,,,,,,
Leatherback Turtle,47.4757,-52.6367,23,8,2024,,Between Cape Spear and Petty Harbour,2,9701,1,1,1,Alive,Shore,Free Swimming,,,,,,
Leatherback Turtle,47.4467,-58.6238,23,8,2024,,Margaree,1,9701,1,2,2,Alive,Fishing Vessel,Free Swimming,,,,,,
Leatherback Turtle,46.6187,-53.6136,24,8,2024,,St. Shotts,1,9701,1,2,2,Alive,Unknown,Free Swimming,,,,,,
Leatherback Turtle,47.092,-55.8849,24,8,2024,,off Fortune,1,9701,1,1,1,Dead,Fishing Vessel,Entrapment,Pot,Whelk,Dead,120,,
Leatherback Turtle,47.5167,-52.6,25,8,2024,,Cape Spear,1,9701,1,1,1,Alive,Recreation Vessel,Free Swimming,,,,170,10,
Leatherback Turtle,47.617,-59.2459,25,8,2024,,Cheeseman’s Provincial Park  West Coast,2,9701,1,1,1,Dead,Shore,Stranding,,,,,,
Leatherback Turtle,46.35,-56.95,25,8,2024,,St. Pierre Bank,1,9701,1,1,1,Dead,Fishing Vessel,Entrapment,Pot,Whelk,Dead,,,
Leatherback Turtle,46.5167,-56.8667,28,8,2024,,St. Pierre Bank,1,9701,1,1,1,Dead,Fishing Vessel,Entrapment,Pot,Whelk,Dead,,,
Leatherback Turtle,50.09,-57.64,,8,2024,,,1,9701,1,1,1,Dead,Shore,Entrapment,,,,,,
Leatherback Turtle,47.5898,-58.0093,12,9,2024,,Between Burgeo and Grand Bruit  South Coast ferry,1,9701,1,1,1,Alive,Unknown,Free Swimming,,,,,,
Leatherback Turtle,49.2333,-52.9333,27,9,2024,,Offshore,1,9701,1,1,1,Alive,Fishing Vessel,Free Swimming,,,,,,
Leatherback Turtle,37.163,-74.9082,4,10,2024,,,1,9701,1,1,1,Alive,Military Vessel,Free Swimming,,,,,,
Leatherback Turtle,49.5812,-57.9513,5,10,2024,11:00,Bonne Bay  NL,1,9701,1,1,1,Alive,Fishing Vessel,Free Swimming,,,,40,,
Unknown Turtle,39.5425,-68.3312,12,10,2024,,,1,20,1,1,1,Alive,Military Vessel,Free Swimming,,,,,,
Green Turtle,41.8122,-69.2617,13,10,2024,,Offshore,1,9703,1,1,1,Alive,Military Vessel,Free Swimming,,,,,,
Leatherback Turtle,41.3053,-69.37,16,10,2024,16:22,Offshore,2,9701,2,3,3,Alive,Military Vessel,Free Swimming,,,,,,
Loggerhead Turtle,47.5326,-55.9405,15,11,2024,,Sandyville (South Coast),1,9702,1,1,1,Alive,Shore,Stranding,,,Alive,15,5,
Leatherback Turtle,39.0543,-68.0332,10,12,2024,,Offshore,1,9701,2,1,1,Alive,Military Vessel,Free Swimming,,,,,,
Unknown Turtle,45.8445,-51.0475,7,3,2024,,Offshore,2,20,2,5,5,Alive,Military Vessel,Free Swimming,,,,,,
Leatherback Turtle,33.3698,-77.1298,25,4,2024,19:50,GLACE BAY,2,9701,2,1,1,Alive,Military Vessel,Free Swimming,,,,,,
Loggerhead Turtle,44.5907,-44.0695,2,5,2024,,Offshore,2,9702,2,2,2,Alive,Military Vessel,Free Swimming,,,,,,
Loggerhead Turtle,47.3308,-32.7723,3,5,2024,,Offshore,2,9702,2,1,1,Alive,Military Vessel,Free Swimming,,,,,,
Unknown Turtle,29.812,-85.7728,4,5,2024,11:51,Offshore,2,20,2,13,13,Alive,Military Vessel,Free Swimming,,,,,,
Loggerhead Turtle,28.1837,-79.6345,25,5,2024,17:38,,2,9702,1,1,1,Alive,Military Vessel,Free Swimming,,,,,,270
Loggerhead Turtle,44.5195,-60.8938,30,5,2024,21:00,Offshore,2,9702,2,1,1,Alive,Military Vessel,Free Swimming,,,,,,
Leatherback Turtle,43.2903,-65.1212,4,7,2024,,Offshore,1,9701,2,1,1,Alive,Fishing Vessel,Free Swimming,,,,,,
Leatherback Turtle,49.3494,-53.6986,7,7,2024,12:45,Offshore,1,9701,1,1,1,Alive,Fishing Vessel,Free Swimming,,,,,,
Leatherback Turtle,49.901,-57.8594,19,7,2024,,Cow Head  Northern Peninsula,2,9701,1,1,1,Alive,Unknown,Free Swimming,,,,,,
Leatherback Turtle,44.3,-60.6667,30,7,2024,,Offshore,1,9701,1,1,1,Alive,Fishing Vessel,Entrapment,,,Alive,,,
Leatherback Turtle,40.12,-70.2,31,7,2024,,,1,9701,1,1,1,Alive,Unknown,Free Swimming,,,,,,
Leatherback Turtle,40.23,-70.33,31,7,2024,,,1,9701,1,1,1,Alive,Unknown,Free Swimming,,,,,,
Green Turtle,44.8328,-61.8055,1,8,2024,18:00,Goose Bay,1,9703,1,1,1,Alive,Unknown,Free Swimming,,,,,,
Green Turtle,44.8328,-61.8055,1,8,2024,,,1,9703,1,1,1,Alive,Military Vessel,Free Swimming,,,,,,
Leatherback Turtle,40.28,-70.99,1,8,2024,,,1,9701,1,1,1,Alive,Twin Otter,Free Swimming,,,,,,
Leatherback Turtle,40.75,-72.3,1,8,2024,,,1,9701,1,1,1,Alive,Twin Otter,Free Swimming,,,,,,
Leatherback Turtle,39.92,-68.79,2,8,2024,,,1,9701,1,1,1,Alive,Twin Otter,Free Swimming,,,,,,
Leatherback Turtle,40.29,-69.21,2,8,2024,,,1,9701,1,1,1,Alive,Twin Otter,Free Swimming,,,,,,
Leatherback Turtle,40.34,-68.96,2,8,2024,,,1,9701,1,1,1,Alive,Twin Otter,Free Swimming,,,,,,
Leatherback Turtle,40.46,-69.4,2,8,2024,,,1,9701,1,1,1,Alive,Twin Otter,Free Swimming,,,,,,
Leatherback Turtle,40.63,-69.59,2,8,2024,,,1,9701,1,1,1,Alive,Twin Otter,Free Swimming,,,,,,
Leatherback Turtle,41.11,-70.14,2,8,2024,,,1,9701,1,1,1,Alive,Twin Otter,Free Swimming,,,,,,
Leatherback Turtle,46.1238,-54.4675,3,8,2024,,SouthCoast,1,9701,1,1,1,Alive,Twin Otter,Free Swimming,,,,100,,
Leatherback Turtle,47.9488,-60.9709,3,8,2024,8:28,ew,1,9701,1,1,1,Alive,Twin Otter,Free Swimming,,,,,,
Leatherback Turtle,47.9501,-61.1142,3,8,2024,8:31,ew,1,9701,1,1,1,Alive,Twin Otter,Free Swimming,,,,,,
Leatherback Turtle,44.3417,-53.8136,6,8,2024,,SouthCoast,1,9701,1,1,1,Alive,Twin Otter,Free Swimming,,,,100,,
Leatherback Turtle,47.1648,-56.6904,7,8,2024,,SouthCoast,1,9701,1,1,1,Alive,Twin Otter,Free Swimming,,,,200,,
Leatherback Turtle,47.2454,-56.9943,7,8,2024,,SouthCoast,1,9701,1,1,1,Alive,Twin Otter,Free Swimming,,,,200,,
Leatherback Turtle,36.93,-75.74,7,8,2024,,,1,9701,1,1,1,Alive,Twin Otter,Free Swimming,,,,,,
Leatherback Turtle,38.61,-72.71,10,8,2024,,,1,9701,1,1,1,Alive,Twin Otter,Free Swimming,,,,,,
Leatherback Turtle,42.5983,-64.2194,11,8,2024,12:41,Scotian Shelf,1,9701,1,1,1,Alive,Twin Otter,Free Swimming,,,,,,
Leatherback Turtle,43.5991,-63.964,11,8,2024,17:24,Scotian Shelf,1,9701,1,1,1,Alive,Twin Otter,Free Swimming,,,,,,
Leatherback Turtle,47.019,-51.0803,11,8,2024,,NECoast,1,9701,1,1,1,Alive,Twin Otter,Free Swimming,,,,100,,
Leatherback Turtle,42.26,-69.39,11,8,2024,,,1,9701,1,1,1,Alive,Twin Otter,Free Swimming,,,,,,
Leatherback Turtle,42.6121,-64.4947,12,8,2024,14:00,Scotian Shelf,1,9701,1,1,1,Alive,Twin Otter,Free Swimming,,,,,,
Leatherback Turtle,43.3153,-64.5278,12,8,2024,12:59,Scotian Shelf,1,9701,1,1,1,Alive,Twin Otter,Free Swimming,,,,,,
Leatherback Turtle,43.6068,-62.3901,12,8,2024,12:55,Scotian Shelf,1,9701,1,1,1,Alive,Twin Otter,Free Swimming,,,,,,
Leatherback Turtle,43.667,-64.8172,12,8,2024,12:44,Scotian Shelf,1,9701,1,1,1,Alive,Twin Otter,Free Swimming,,,,,,
Leatherback Turtle,44.0154,-63.768,12,8,2024,8:41,Scotian Shelf,1,9701,1,1,1,Alive,Twin Otter,Free Swimming,,,,,,
Leatherback Turtle,44.1476,-63.3462,12,8,2024,10:50,Scotian Shelf,1,9701,1,1,1,Alive,Twin Otter,Free Swimming,,,,,,
Leatherback Turtle,44.3271,-62.9443,12,8,2024,12:26,Scotian Shelf,1,9701,1,1,1,Alive,Twin Otter,Free Swimming,,,,,,
Leatherback Turtle,43.1357,-62.2975,13,8,2024,8:49,Scotian Shelf,1,9701,1,1,1,Alive,Twin Otter,Free Swimming,,,,,,
Leatherback Turtle,44.1661,-63.0994,13,8,2024,9:33,Scotian Shelf,1,9701,1,1,1,Alive,Twin Otter,Free Swimming,,,,,,
Leatherback Turtle,44.2548,-62.6215,13,8,2024,11:23,Scotian Shelf,1,9701,1,1,1,Alive,Twin Otter,Free Swimming,,,,,,
Leatherback Turtle,44.5039,-61.7469,13,8,2024,15:42,Scotian Shelf,1,9701,1,1,1,Alive,Twin Otter,Free Swimming,,,,,,
Leatherback Turtle,44.5537,-62.8579,13,8,2024,11:10,Scotian Shelf,1,9701,1,1,1,Alive,Twin Otter,Free Swimming,,,,,,
Leatherback Turtle,44.9267,-61.5383,13,8,2024,17:59,Scotian Shelf,1,9701,1,1,1,Alive,Twin Otter,Free Swimming,,,,,,
Leatherback Turtle,46.1988,-54.0321,13,8,2024,,SouthCoast,1,9701,1,1,1,Alive,Twin Otter,Free Swimming,,,,100,,
Leatherback Turtle,46.5978,-53.9903,13,8,2024,,SouthCoast,1,9701,1,1,1,Alive,Twin Otter,Free Swimming,,,,100,,
Leatherback Turtle,46.5988,-53.9903,13,8,2024,,SouthCoast,1,9701,1,1,1,Alive,Twin Otter,Free Swimming,,,,100,,
Leatherback Turtle,46.382,-57.8628,16,8,2024,,SouthCoast,1,9701,1,1,1,Alive,Twin Otter,Free Swimming,,,,100,,
Leatherback Turtle,46.6473,-57.4397,16,8,2024,,SouthCoast,1,9701,1,1,1,Alive,Twin Otter,Free Swimming,,,,200,,
Leatherback Turtle,46.6857,-57.6891,16,8,2024,,SouthCoast,1,9701,1,1,1,Alive,Twin Otter,Free Swimming,,,,200,,
Leatherback Turtle,45.7775,-49.3209,17,8,2024,,SouthCoast,1,9701,1,1,1,Alive,Twin Otter,Free Swimming,,,,200,,
Leatherback Turtle,45.0654,-56.2534,21,8,2024,,SouthCoast,1,9701,1,1,1,Alive,Twin Otter,Free Swimming,,,,100,,
Leatherback Turtle,45.4492,-56.2281,21,8,2024,,SouthCoast,1,9701,1,1,1,Alive,Twin Otter,Free Swimming,,,,100,,
Leatherback Turtle,46.353,-55.9631,21,8,2024,,SouthCoast,1,9701,1,1,1,Alive,Twin Otter,Free Swimming,,,,100,,
Leatherback Turtle,46.3639,-56.1741,21,8,2024,,SouthCoast,1,9701,1,1,1,Alive,Twin Otter,Free Swimming,,,,100,,
Leatherback Turtle,46.5673,-55.9167,21,8,2024,,SouthCoast,1,9701,1,1,1,Alive,Twin Otter,Free Swimming,,,,100,,
Leatherback Turtle,46.7238,-59.0992,21,8,2024,,SouthCoast,1,9701,1,1,1,Alive,Twin Otter,Free Swimming,,,,100,,
Leatherback Turtle,46.8452,-59.1129,21,8,2024,,SouthCoast,1,9701,1,1,1,Alive,Twin Otter,Free Swimming,,,,50,,
Leatherback Turtle,47.0121,-58.9953,21,8,2024,,SouthCoast,1,9701,1,1,1,Alive,Twin Otter,Free Swimming,,,,100,,
Leatherback Turtle,47.2257,-59.5522,21,8,2024,,SouthCoast,1,9701,1,1,1,Alive,Twin Otter,Free Swimming,,,,200,,
Leatherback Turtle,47.2785,-58.7376,21,8,2024,,SouthCoast,1,9701,1,1,1,Alive,Twin Otter,Free Swimming,,,,100,,
Leatherback Turtle,47.3865,-58.7449,21,8,2024,,SouthCoast,1,9701,1,1,1,Alive,Twin Otter,Free Swimming,,,,100,,
Leatherback Turtle,47.4821,-59.1902,21,8,2024,,SouthCoast,1,9701,1,1,1,Alive,Twin Otter,Free Swimming,,,,200,,
Leatherback Turtle,47.5014,-58.7528,21,8,2024,,SouthCoast,1,9701,1,1,1,Alive,Twin Otter,Free Swimming,,,,100,,
Leatherback Turtle,47.5065,-58.7532,21,8,2024,,SouthCoast,1,9701,1,1,1,Alive,Twin Otter,Free Swimming,,,,100,,
Unknown Turtle,48.7312,-64.1788,21,8,2024,17:23,Offshore,2,20,2,1,1,Alive,Military Vessel,Free Swimming,,,,,,
Leatherback Turtle,43.6301,-60.0651,22,8,2024,9:01,Scotian Shelf,1,9701,1,1,1,Alive,Twin Otter,Free Swimming,,,,,,
Leatherback Turtle,44.0659,-60.1139,22,8,2024,9:46,Scotian Shelf,1,9701,1,1,1,Alive,Twin Otter,Free Swimming,,,,,,
Leatherback Turtle,44.2057,-59.1682,22,8,2024,13:53,Scotian Shelf,1,9701,1,1,1,Alive,Twin Otter,Free Swimming,,,,,,
Leatherback Turtle,44.3102,-60.2758,22,8,2024,9:55,Scotian Shelf,1,9701,1,1,1,Alive,Twin Otter,Free Swimming,,,,,,
Leatherback Turtle,44.6977,-55.0084,23,8,2024,,SouthCoast,1,9701,1,1,1,Alive,Twin Otter,Free Swimming,,,,100,,
Leatherback Turtle,45.1032,-55.3508,23,8,2024,,SouthCoast,1,9701,1,1,1,Alive,Twin Otter,Free Swimming,,,,100,,
Leatherback Turtle,45.2184,-55.4005,23,8,2024,,SouthCoast,1,9701,1,1,1,Alive,Twin Otter,Free Swimming,,,,100,,
Leatherback Turtle,45.4877,-55.2618,23,8,2024,,SouthCoast,1,9701,1,1,1,Alive,Twin Otter,Free Swimming,,,,100,,
Leatherback Turtle,45.6542,-55.3665,23,8,2024,,SouthCoast,1,9701,1,1,1,Alive,Twin Otter,Free Swimming,,,,200,,
Leatherback Turtle,46.3321,-54.6505,23,8,2024,,SouthCoast,1,9701,1,1,1,Alive,Twin Otter,Free Swimming,,,,100,,
Leatherback Turtle,46.3331,-54.6501,23,8,2024,,SouthCoast,1,9701,1,1,1,Alive,Twin Otter,Free Swimming,,,,100,,
Leatherback Turtle,46.6802,-54.5784,23,8,2024,,SouthCoast,1,9701,1,1,1,Alive,Twin Otter,Free Swimming,,,,100,,
Leatherback Turtle,46.6833,-54.5771,23,8,2024,,SouthCoast,1,9701,1,1,1,Alive,Twin Otter,Free Swimming,,,,100,,
Leatherback Turtle,46.714,-54.5641,23,8,2024,,SouthCoast,1,9701,1,1,1,Alive,Twin Otter,Free Swimming,,,,100,,
Leatherback Turtle,46.715,-54.5638,23,8,2024,,SouthCoast,1,9701,1,1,1,Alive,Twin Otter,Free Swimming,,,,100,,
Leatherback Turtle,46.716,-54.5634,23,8,2024,,SouthCoast,1,9701,1,1,1,Alive,Twin Otter,Free Swimming,,,,100,,
Leatherback Turtle,47.0467,-54.9377,23,8,2024,,SouthCoast,1,9701,1,1,1,Alive,Twin Otter,Free Swimming,,,,100,,
Leatherback Turtle,46.4023,-55.5082,24,8,2024,,SouthCoast,1,9701,1,1,1,Alive,Twin Otter,Free Swimming,,,,200,,
Leatherback Turtle,47.15,-54.4333,8,9,2024,,Merasheen Bank  PB,1,9701,1,1,1,Alive,Fishing Vessel,Free Swimming,,,,,,
Leatherback Turtle,47.0176,-52.8423,10,9,2024,,Ferryland Lighthouse Southern Shore,2,9701,1,1,1,Alive,Shore,Free Swimming,,,,,,
Leatherback Turtle,46.7483,-55.0317,11,9,2024,,,1,9701,1,1,1,Alive,Shore,Free Swimming,,,,,,
Leatherback Turtle,46.7488,-55.556,11,9,2024,,,1,9701,1,1,1,Alive,Fishing Vessel,Free Swimming,,,,,,
Leatherback Turtle,47.01,-53.65,14,9,2024,,Admiral's Beach,2,9701,1,1,1,Alive,Fishing Vessel,Free Swimming,,,,,,
Leatherback Turtle,47.56,-52.94,18,9,2024,,Conception Bay,1,9701,1,1,1,Alive,Recreation Vessel,Free Swimming,,,,,10,
Leatherback Turtle,47.6105,-57.566,19,9,2024,,Burgeo islands,1,9701,1,1,1,Alive,Fishing Vessel,Free Swimming,,,,,,
Leatherback Turtle,47.53,-53.04,3,10,2024,,Conception Bay,1,9701,1,1,1,Alive,Recreation Vessel,Free Swimming,,,,37,15,
Leatherback Turtle,47.75,-59.3834,15,10,2024,,,1,9701,1,1,1,Alive,Fishing Vessel,Free Swimming,,,,,,
Leatherback Turtle,46.8833,-56.2333,25,10,2024,,Close to Cap Percé,1,9701,1,1,1,Alive,Fishing Vessel,Free Swimming,,,,,,
Leatherback Turtle,47.2907,-53.9879,28,10,2024,,Argentia  PlacentiaBay,2,9701,1,1,1,Alive,Shore,Free Swimming,,,,,,
Leatherback Turtle,47.3962,-54.5806,29,10,2024,,South East Bight Placentia Bay,2,9701,2,1,1,Dead,Shore,Unknown,,,,,,
Leatherback Turtle,44.847,-58.5543,6,12,2024,,Offshore,2,9701,2,1,1,Alive,Military Vessel,Free Swimming,,,,,,
Loggerhead Turtle,30.3792,-81.0933,26,2,2024,,,1,9702,1,1,1,Alive,Military Vessel,Free Swimming,,,,,,
Loggerhead Turtle,28.3,-82.8,29,4,2024,,,1,9702,1,1,1,Alive,Military Vessel,Free Swimming,,,,,,147
Leatherback Turtle,46.05,-55.3333,15,5,2024,,,1,9701,1,1,1,Alive,Fishing Vessel,Entrapment,,,Alive,,,
Leatherback Turtle,47.1167,-51.2333,7,6,2024,,Northeast Downing Basin,1,9701,1,1,1,Alive,Fishing Vessel,Free Swimming,,,,,,
Leatherback Turtle,48.7262,-53.7954,12,7,2024,,Squid Cove  Burnside  Eastport ,1,9701,1,1,1,Alive,Fishing Vessel,Free Swimming,,,,,,
Leatherback Turtle,48.718,-53.6751,14,7,2024,,Burnside  Eastport ,2,9701,1,1,1,Alive,Shore,Free Swimming,,,,,,
Leatherback Turtle,47.6244,-53.2294,15,7,2024,,Spaniards Bay,2,9701,1,1,1,Alive,Small boat,Free Swimming,,,,,,
Leatherback Turtle,48.7169,-53.0601,20,7,2024,,Off Bonavista,2,9701,1,1,1,Alive,Unknown,Free Swimming,,,,,,
Leatherback Turtle,47.5307,-55.9383,27,7,2024,,Sandyville near Hermitage,1,9701,1,1,1,Alive,Shore,Stranding,,,Alive,,,
Leatherback Turtle,46.6847,-55.9283,28,7,2024,,St. Pierre Bank,1,9701,1,1,2,Alive,Fishing Vessel,Entrapment,,,Alive,,,
Leatherback Turtle,47.5474,-56.7256,30,7,2024,,Francois  South coast,2,9701,1,1,1,Alive,Unknown,Free Swimming,,,,,,
Leatherback Turtle,48.8553,-53.9999,30,7,2024,,Hare Bay ,2,9701,1,1,1,Alive,Unknown,Free Swimming,,,,,,
Leatherback Turtle,47.0648,-52.845,,7,2024,,Off Cape Broil Head,2,9701,1,1,1,Alive,Unknown,Free Swimming,,,,,,
Leatherback Turtle,48.3524,-53.3206,4,8,2024,,Trinity  Trinity Bay,2,9701,1,1,1,Alive,Unknown,Free Swimming,,,,,,
Leatherback Turtle,49,-52.5667,11,8,2024,21:45,Offshore,1,9701,1,1,1,Alive,Fishing Vessel,Free Swimming,,,,,,
Leatherback Turtle,47.93,-69.72,14,8,2024,3:20,4Tf,1,9701,1,1,1,Dead,Fishing Vessel,Entrapment,Trawl,Groundfish,Dead,259,,900
Loggerhead Turtle,45.8127,-56.7807,19,8,2024,14:41,Offshore,2,9702,2,12,12,Alive,Military Vessel,Free Swimming,,,,,,
Loggerhead Turtle,45.4753,-58.4683,21,8,2024,22:45,Offshore,2,9702,2,3,3,Alive,Military Vessel,Free Swimming,,,,,,
Leatherback Turtle,47.3317,-54.0817,26,8,2024,,3 nm west of Argentia access road  Placentia Bay,1,9701,1,1,1,Alive,Fishing Vessel,Free Swimming,,,,,,
Leatherback Turtle,47.2,-55.4833,30,8,2024,10:30,Offshore,1,9701,1,1,1,Alive,Fishing Vessel,Free Swimming,,,,,,
Leatherback Turtle,46.993,-56.0373,,8,2024,,Fortune,1,9701,1,1,1,Alive,Ferry,Free Swimming,,,,,,
Leatherback Turtle,46.9192,-54.7497,3,9,2024,,5-6 nm North of Smart Buoy Placentia Bay,1,9701,1,1,1,Alive,Unknown,Free Swimming,,,,,,
Leatherback Turtle,46.7405,-54.3165,4,9,2024,,4 to 5 nm off Cape St. Mary’s,2,9701,1,1,1,Alive,Unknown,Free Swimming,,,,,,
Leatherback Turtle,51.4083,-57.0375,8,9,2024,,Lanse au Clair,1,9701,1,1,1,Alive,Unknown,Free Swimming,,,,,,
Leatherback Turtle,55.0768,-59.108,8,9,2024,,South of Makovik,2,9701,1,1,1,Alive,Shore,Stranding,,,Alive,,,
Leatherback Turtle,55.0768,-59.108,13,9,2024,,Makkovik About 2kms from community,2,9701,2,1,1,Alive,Research Vessel,Free Swimming,,,,,,
Leatherback Turtle,47.7025,-55.3683,15,9,2024,,Pools Cove,1,9701,1,1,1,Alive,Fishing Vessel,Entrapment,Gillnet,Cod,Alive,,,
Leatherback Turtle,47.2451,-52.7367,16,9,2024,,Backside of Gull Island  Witless Bay,1,9701,1,1,1,Alive,Unknown,Free Swimming,,,,,,
Leatherback Turtle,47.5822,-53.6486,19,9,2024,,Chapel Head  Trinity Bay,2,9701,1,1,1,Alive,Unknown,Free Swimming,,,,,,
Leatherback Turtle,47.5,-52.8333,19,9,2024,16:00,Portugal Cove  C.B.,1,9701,1,1,1,Alive,Fishing Vessel,Free Swimming,,,,,,
Leatherback Turtle,47.6467,-53.7546,21,9,2024,,Belleview  Trinity Bay,2,9701,1,1,1,Alive,Unknown,Free Swimming,,,,,,
Leatherback Turtle,47.5536,-53.6512,21,9,2024,,Chapel Arm  Trinity Bay,2,9701,1,1,1,Alive,Unknown,Free Swimming,,,,,,
Leatherback Turtle,47.4667,-50.1333,21,9,2024,,Harbour Main,1,9701,1,1,1,Alive,Fishing Vessel,Entrapment,Longline,Groundfish,Alive,,,
Leatherback Turtle,47.6805,-53.8154,22,9,2024,,Bull Island  Chance Cove area Trinity Bay,2,9701,1,1,1,Alive,Unknown,Free Swimming,,,,,,
Leatherback Turtle,47.0833,-54.2538,25,9,2024,15:45,Offshore,1,9701,1,1,1,Alive,Fishing Vessel,Free Swimming,,,,,,
Leatherback Turtle,47.7001,-53.6978,26,9,2024,,Tickle Harbour Point  Belleview area  Trinity Bay,2,9701,1,1,1,Alive,Unknown,Free Swimming,,,,,,
Leatherback Turtle,46.7863,-53.659,27,9,2024,,Cape English  St. Mary’s Bay,2,9701,1,1,1,Alive,Unknown,Free Swimming,,,,,,
Leatherback Turtle,48,-53.5,27,9,2024,,Winterton  Trinity Bay,1,9701,1,1,1,Alive,Unknown,Free Swimming,,,,,,
Leatherback Turtle,48,-53.8333,27,9,2024,12:30,Offshore,1,9701,1,1,1,Alive,Fishing Vessel,Free Swimming,,,,,,
Leatherback Turtle,47.6589,-53.5351,28,9,2024,,Green’s Harbour  Trinity Bay,2,9701,1,1,1,Alive,Unknown,Free Swimming,,,,,,
Leatherback Turtle,47.6516,-53.7697,28,9,2024,,2 nm of Belleview beach  Trinity Bay,2,9701,1,1,1,Alive,Unknown,Free Swimming,,,,,,
Leatherback Turtle,47.6887,-53.1377,28,9,2024,,Conception Bay,2,9701,1,1,1,Alive,Recreation Vessel,Free Swimming,,,,,15,
Leatherback Turtle,46.7728,-53.6842,29,9,2024,,St. Vincent's,1,9701,2,1,1,Alive,Recreation Vessel,Free Swimming,,,,,20,
Leatherback Turtle,47.566,-53.56,29,9,2024,,Dildo Harbour,2,9701,1,1,1,Alive,Shore,Free Swimming,,,,,,
Leatherback Turtle,47.4995,-53.05,30,9,2024,,Upper Gullies  Conception Bay,2,9701,1,1,1,Alive,Small boat,Free Swimming,,,,,,
Leatherback Turtle,49.5833,-55.25,30,9,2024,9:30,Offshore,2,9701,1,1,1,Alive,Fishing Vessel,Free Swimming,,,,,,
Unknown Turtle,47.6485,-53.5621,30,9,2024,9:50,Hopeall  TB,2,20,1,1,1,Alive,Fishing Vessel,Entrapment,Gillnet,,Alive,,,
Unknown Turtle,47.689,-53.138,3,10,2024,,Conception Bay,1,20,2,2,2,Alive,Fishing Vessel,Free Swimming,,,,,,
Unknown Turtle,47.592,-53.551,5,10,2024,,Trinity Bay near New Harbour,2,20,1,3,3,Alive,Small boat,Free Swimming,,,,,,
Leatherback Turtle,47.5674,-53.5854,6,10,2024,,Dildo Island  Trinity Bay,2,9701,1,1,1,Alive,Fishing Vessel,Free Swimming,,,,,,
Leatherback Turtle,47.5632,-53.5855,6,10,2024,,Dildo Island  Trinity Bay,2,9701,1,1,1,Alive,Fishing Vessel,Free Swimming,,,,,,
Leatherback Turtle,47.5663,-53.5973,6,10,2024,,Dildo Island  Trinity Bay,2,9701,1,1,1,Alive,Fishing Vessel,Free Swimming,,,,,,
Leatherback Turtle,47.526,-53.5566,8,10,2024,,South Dildo,1,9701,1,1,1,Alive,Fishing Vessel,Entrapment,Gillnet,Mackeral,Alive,,,
Leatherback Turtle,49.6173,-56.1598,19,10,2024,,Mansfield Point  King’s Point  Green Bay,2,9701,1,1,1,Alive,Unknown,Free Swimming,,,,,,
Leatherback Turtle,49.7139,-55.9934,19,10,2024,,Rattling Brook  Green Bay,2,9701,1,1,1,Alive,Unknown,Free Swimming,,,,,,
Unknown Turtle,42.1433,-67.304,8,12,2024,,,1,20,1,1,1,Alive,Military Vessel,Free Swimming,,,,,315,270
Unknown Turtle,47.4273,-52.3352,25,1,2024,,,1,20,1,1,1,Alive,Military Vessel,Free Swimming,,,,,,
Leatherback Turtle,45.3333,-55.9167,17,6,2024,,Offshore,1,9701,1,1,1,Alive,Fishing Vessel,Free Swimming,,,,10,,
Leatherback Turtle,47.2,-54.4,7,7,2024,,Merasheen Bank  PB,1,9701,1,1,1,Alive,Fishing Vessel,Entrapment,Gillnet,Cod,Alive,,,
Leatherback Turtle,45.3842,-53.8167,25,7,2024,,St. Pierre Bank,1,9701,1,1,1,Alive,Fishing Vessel,Entrapment,Pot,Whelk,Alive,,,
Leatherback Turtle,46.42,-55.42,29,7,2024,,Lamaline,2,9701,1,1,1,Alive,Fishing Vessel,Entrapment,Gillnet,Cod,Alive,,,
Leatherback Turtle,46.42,-55.42,,7,2024,,Lamaline,1,9701,1,1,1,Alive,Unknown,Free Swimming,,,,,,
Leatherback Turtle,45.55,-56.0333,,7,2024,,St. Pierre Bank,1,9701,1,1,1,Alive,Fishing Vessel,Entrapment,Pot,Whelk,Alive,,,400
Unknown Turtle,42.1333,-66.55,2,8,2024,,Offshore,1,20,2,1,1,Alive,Fishing Vessel,Free Swimming,,,,,,
Leatherback Turtle,47.0292,-52.8583,15,8,2024,,Calvert,1,9701,1,1,1,Alive,Unknown,Free Swimming,,,,,,
Leatherback Turtle,47.2245,-52.761,21,8,2024,,Green Island  Witless Bay,1,9701,1,1,1,Alive,Unknown,Free Swimming,,,,,,
Leatherback Turtle,47.2583,-52.7645,25,8,2024,,Witless Bay,1,9701,1,1,1,Alive,Unknown,Free Swimming,,,,,,
Leatherback Turtle,46.8508,-56.2,3,9,2024,,St. Pierre Bank,1,9701,1,1,1,Alive,Unknown,Free Swimming,,,,,,
Leatherback Turtle,47.8167,-59.375,14,9,2024,,Stormy Point  Codroy area,1,9701,1,1,1,Alive,Fishing Vessel,Entrapment,Gillnet,Flounder,Alive,,,
Leatherback Turtle,45.25,-55.3,23,9,2024,,,1,9701,1,1,1,Alive,fishing vessel,Free Swimming,,,,,,
Leatherback Turtle,49.4083,-55.3167,29,9,2024,,Pleasantview NDB,1,9701,1,1,1,Dead,Fishing Vessel,Entrapment,Rope,Mussel,Dead,,,
Leatherback Turtle,46.79,-56.05,2,10,2024,,St. Pierre Bank,1,9701,1,2,2,Alive,Recreation Vessel,Free Swimming,,,,,,
Unknown Turtle,41.9333,-65.8,9,10,2024,,,1,20,1,1,1,Alive,Fishing Vessel - Observer Trip,Free Swimming,,,,,,
Leatherback Turtle,47.64,-55.2833,27,5,2024,,Rencointre East,1,9701,1,1,1,Alive,Unknown,Free Swimming,,,,,,
Leatherback Turtle,47.3,-52.7833,14,7,2024,,North Head  Bay Bulls,1,9701,1,1,1,Alive,Unknown,Free Swimming,,,,,,
Leatherback Turtle,48.85,-53.6667,22,7,2024,,St. Brendans,1,9701,1,1,1,Alive,Unknown,Free Swimming,,,,,,
Leatherback Turtle,46.8312,-52.7712,3,8,2024,,Offshore,1,9701,1,1,1,Alive,Fishing Vessel,Free Swimming,,,,,,
Leatherback Turtle,48.7344,-53.9756,5,8,2024,,Northwest Arm  Glovertown,2,9701,1,1,1,Alive,Small boat,Free Swimming,,,,,,
Leatherback Turtle,51.4572,-56.8882,7,8,2024,,Forteau Bay,2,9701,1,1,1,Alive,Small boat,Free Swimming,,,,,,
Leatherback Turtle,47.1167,-52.5667,10,8,2024,,Bauline South,1,9701,1,1,1,Alive,Fishing Vessel,Free Swimming,,,,,,
Leatherback Turtle,48.7,-53.85,12,8,2024,,Stone Island  Bonavista Bay,1,9701,1,1,1,Alive,Fishing Vessel,Free Swimming,,,,,,
Leatherback Turtle,48.85,-53.6667,12,8,2024,,St. Brendans,1,9701,1,1,1,Alive,Fishing Vessel,Entrapment,Gillnet,Cod,Alive,,,
Leatherback Turtle,46.85,-55.8,13,8,2024,,Lamaline Harbour,1,9701,1,1,1,Alive,Fishing Vessel,Free Swimming,,,,,,
Leatherback Turtle,51.5833,-55.4833,15,8,2024,,Straitsview,1,9701,1,1,1,Alive,Fishing Vessel,Entrapment,Pot,Mackeral,Alive,,,
Leatherback Turtle,48.7,-53.0833,15,8,2024,,Cape Bonavista,1,9701,1,1,1,Alive,Fishing Vessel,Free Swimming,,,,,,
Leatherback Turtle,47.6083,-52.6333,15,8,2024,,Small Point Ledge  St. John's,1,9701,1,1,1,Alive,Fishing Vessel,Free Swimming,,,,,,
Leatherback Turtle,46.75,-52,25,8,2024,,Cape Race,1,9701,1,1,1,Alive,Research Vessel,Free Swimming,,,,,,
Leatherback Turtle,51.35,-55.5667,25,8,2024,,St. Anthony,1,9701,1,1,1,Alive,Shore,Free Swimming,,,,,,
Leatherback Turtle,46.75,-52,26,8,2024,,Cape Race,1,9701,1,1,1,Alive,Research Vessel,Free Swimming,,,,,,
Leatherback Turtle,46.75,-52,27,8,2024,,Cape Race,1,9701,1,1,1,Alive,Research Vessel,Free Swimming,,,,,,
Leatherback Turtle,46.75,-52,28,8,2024,,Cape Race,1,9701,1,1,1,Alive,Research Vessel,Free Swimming,,,,,,
Leatherback Turtle,46.75,-52,29,8,2024,,Cape Race,1,9701,1,1,1,Alive,Research Vessel,Free Swimming,,,,,,
Leatherback Turtle,44.993,-56.1565,1,9,2024,18:07,Offshore,1,9701,1,1,1,Alive,Twin Otter,Free Swimming,,,,,,
Leatherback Turtle,45.0312,-56.1558,1,9,2024,18:06,Offshore,1,9701,1,1,1,Alive,Twin Otter,Free Swimming,,,,,,
Leatherback Turtle,45.478,-56.2793,1,9,2024,18:29,Offshore,1,9701,1,1,1,Alive,Twin Otter,Free Swimming,,,,,,
Leatherback Turtle,45.2319,-56.4078,2,9,2024,17:12,Offshore,1,9701,1,1,1,Alive,Twin Otter,Free Swimming,,,,,,
Leatherback Turtle,46.4047,-56.6539,2,9,2024,18:16,Offshore,1,9701,1,1,1,Alive,Twin Otter,Free Swimming,,,,,,
Leatherback Turtle,46.5128,-56.6566,2,9,2024,18:19,Offshore,1,9701,1,1,1,Alive,Twin Otter,Free Swimming,,,,,,
Leatherback Turtle,46.5223,-56.656,2,9,2024,18:19,Offshore,1,9701,1,1,1,Alive,Twin Otter,Free Swimming,,,,,,
Leatherback Turtle,46.5461,-56.6566,2,9,2024,18:20,Offshore,1,9701,1,1,1,Alive,Twin Otter,Free Swimming,,,,,,
Leatherback Turtle,46.5987,-56.6552,2,9,2024,18:22,Offshore,1,9701,1,1,1,Alive,Twin Otter,Free Swimming,,,,,,
Leatherback Turtle,46.6242,-56.6542,2,9,2024,18:23,Offshore,1,9701,1,1,1,Alive,Twin Otter,Free Swimming,,,,,,
Leatherback Turtle,46.667,-56.658,2,9,2024,18:24,Offshore,1,9701,1,1,1,Alive,Twin Otter,Free Swimming,,,,,,
Leatherback Turtle,47.0097,-56.9064,2,9,2024,19:09,Offshore,1,9701,1,1,1,Alive,Twin Otter,Free Swimming,,,,,,
Leatherback Turtle,47.0264,-56.6558,2,9,2024,18:35,Offshore,1,9701,1,1,1,Alive,Twin Otter,Free Swimming,,,,,,
Leatherback Turtle,47.3763,-56.9015,2,9,2024,18:57,Offshore,1,9701,1,1,1,Alive,Twin Otter,Free Swimming,,,,,,
Leatherback Turtle,47.1327,-56.6589,2,9,2024,18:39,Offshore,1,9701,1,2,2,Alive,Twin Otter,Free Swimming,,,,,,
Leatherback Turtle,46.4738,-56.6562,2,9,2024,18:18,Offshore,1,9701,1,3,3,Alive,Twin Otter,Free Swimming,,,,,,
Leatherback Turtle,48.491,-53.556,4,9,2024,15:30,Offer Grounds  off Southern Bay Head,2,9701,1,1,1,Alive,Fishing Vessel,Free Swimming,,,,,,
Leatherback Turtle,49.85,-53.9667,4,9,2024,,Fogo,1,9701,1,1,1,Alive,Fishing Vessel,Entrapment,Gillnet,Cod,Alive,,,
Leatherback Turtle,46.95,-55.7,10,9,2024,,Brents Cove,1,9701,1,1,1,Alive,Fishing Vessel,Entrapment,Gillnet,Cod,Alive,,,
Leatherback Turtle,49.7167,-54.2833,11,9,2024,,Black Cove  Fogo Island,1,9701,1,1,1,Alive,Unknown,Free Swimming,,,,,,
Leatherback Turtle,49.75,-54.1667,13,9,2024,,Joe Batt's Arm,1,9701,1,1,1,Alive,Unknown,Free Swimming,,,,,,
Leatherback Turtle,47.8167,-59.3667,14,9,2024,,Codroy,1,9701,1,1,1,Alive,Fishing Vessel,Entrapment,Net,Flounder,Alive,,,
Leatherback Turtle,49.9,-56.45,15,9,2024,,Middle Arm,1,9701,1,1,1,Dead,Fishing Vessel,Entrapment,Gillnet,Mackeral,Dead,,,
Leatherback Turtle,48.6833,-54.4,17,9,2024,,Change Islands,1,9701,1,1,4,Alive,Unknown,Free Swimming,,,,,,
Leatherback Turtle,47.25,-52.7833,17,9,2024,,Green Island  Witless Bay,1,9701,1,1,1,Alive,Unknown,Free Swimming,,,,,,
Leatherback Turtle,47.25,-53.1667,25,9,2024,,Holyrood,1,9701,1,1,1,Alive,Unknown,Free Swimming,,,,,,
Leatherback Turtle,49.4,-55.3167,29,9,2024,,Pleasantview NDB,1,9701,1,1,1,Dead,Fishing Vessel,Entrapment,Mussel Rope,Mussel,Dead,,,
Leatherback Turtle,51.55,-55.45,23,10,2024,,Griquet  northern penninsula,1,9701,1,1,1,Dead,Shore,Stranding,,,Dead,,,450
Leatherback Turtle,51.5498,-55.4518,24,10,2024,,Beach in Griquet Harbour,2,9701,1,1,1,Dead,Shore,Stranding,,,Dead,,,
Leatherback Turtle,45.1742,-55.1545,4,11,2024,12:19,Offshore,1,9701,1,1,1,Alive,Twin Otter,Free Swimming,,,,,,
Leatherback Turtle,49.55,-56.85,14,11,2024,,Hampden  White Bay,1,9701,1,1,1,Alive,Unknown,Free Swimming,,,,,,
Leatherback Turtle,47.1667,-55.65,3,12,2024,,Grand Beach  Fortune Bay,1,9701,1,1,1,Dead,Shore,Stranding,,,Dead,,,
Leatherback Turtle,43.8411,-62.9374,5,7,2024,16:34,Emerald Bank,1,9701,1,1,1,Alive,Research Vessel,Free Swimming,,,,,10,
Leatherback Turtle,46.32,-60.04,27,7,2024,,Sherbrooke  NS,2,9701,1,1,1,Dead,Fishing Vessel,Entrapment,Pot,Unknown,Dead,,,
Leatherback Turtle,47.9717,-52.9072,9,8,2024,9:00,Conception Bay,1,9701,1,1,1,Alive,Small boat,Free Swimming,,,,,,
Leatherback Turtle,48.8492,-53.6005,12,8,2024,,St. Brendans South Gulch Island,1,9701,1,1,1,Alive,Fishing Vessel,Entrapment,Gillnet,Cod,Alive,,,
Leatherback Turtle,47.3522,-52.6553,22,8,2024,17:49,,1,9701,1,1,1,Alive,Fishing Vessel - Observer Trip,Free Swimming,,,,,,
Leatherback Turtle,47.6366,-61.1189,27,8,2024,,Magdelan Islands,1,9701,1,1,1,Dead,Fishing Vessel,Entrapment,Pot,Whelk,Dead,,,
Leatherback Turtle,47.82,-53.53,25,9,2024,,Trinity Bay,1,9701,1,1,1,Alive,Patrol RHIB,Free Swimming,,,,,10,
Leatherback Turtle,45.6805,-61.7178,30,5,2024,,Nova Scotia,1,9701,1,1,1,Alive,Fishing Vessel,Entrapment,Pot,Lobster,Alive,,,
Loggerhead Turtle,46.8691,-56.1553,22,8,2024,8:52,St. Pierre  Fr.,1,9702,1,1,1,Alive,Small boat,Free Swimming,,,,154.6,15,
Leatherback Turtle,0,0,,8,2024,,Labrador,2,9701,1,1,1,Alive,Small boat,Free Swimming,,,,,,
Leatherback Turtle,47.7233,-52.837,15,9,2024,,Bauline,1,9701,1,1,1,Alive,Shore,Free Swimming,,,,,,
Leatherback Turtle,51.3555,-56.0578,18,7,2024,,Northwest Arm in Hare Bay  northern penninsula,2,9701,1,1,1,Alive,Shore,Free Swimming,,,,,,
Leatherback Turtle,45.6833,-54.1667,23,7,2024,,,1,9701,1,1,1,Dead,Fishing Vessel - Observer Trip,Entrapment,Pot,Snow Crab,Dead,,,250
Leatherback Turtle,47.5731,-55.9346,8,8,2024,10:00,Hermitage Bay,2,9701,1,1,1,Alive,Unknown,Free Swimming,,,,,,
Leatherback Turtle,51.4204,-57.1434,15,8,2024,,NL/Quebec ferry dock  Labrador,2,9701,1,1,1,Alive,Shore,Free Swimming,,,,,,
Leatherback Turtle,47.0578,-59.6035,26,8,2024,,Between Port-aux Basques and North Sydney (Ferry route),2,9701,1,3,3,Alive,Ferry,Free Swimming,,,,,,
Leatherback Turtle,46.6657,-53.791,28,8,2024,16:00,St. Mary's Bay,1,9701,1,1,1,Alive,Sailboat,Free Swimming,,,,,,
Leatherback Turtle,41.5166,-70.5664,14,9,2024,,Nantucket Sound about 2 miles off Green Pond,1,9701,1,1,1,Alive,Sailboat,Free Swimming,,,,,,
Leatherback Turtle,48.868,-53.621,21,9,2024,,Flat Island  St. Brendan's Island  Bonavista Bay,2,9701,1,1,1,Alive,Shore,Free Swimming,,,,,,
Leatherback Turtle,47.4923,-53.0476,29,9,2024,,Upper Gullies off church,2,9701,1,1,1,Alive,Small boat,Free Swimming,,,,,,
Leatherback Turtle,47.53,-53.04,,10,2024,,Conception Bay South,2,9701,1,1,1,Alive,Small boat,Free Swimming,,,,,,
Leatherback Turtle,45.6667,-55.6167,15,6,2024,,St. Pierre Bank,1,9701,1,1,1,Alive,Fishing Vessel,Entrapment,Pot,Whelk,Alive,,,
Leatherback Turtle,46.6667,-55.1667,26,6,2024,,St. Pierre Bank,1,9701,1,1,1,Alive,Fishing Vessel,Entrapment,Pot,Whelk,Alive,,,
Leatherback Turtle,48.8553,-53.9999,18,7,2024,,Northwest Arm/Hare Bay,2,9701,2,1,1,Alive,Small boat,Free Swimming,,,,,,
Leatherback Turtle,47.656,-53.531,23,7,2024,,Green's Harbour  Trinity Bay,2,9701,1,1,1,Alive,Small boat,Free Swimming,,,,,,
Leatherback Turtle,51.3721,-55.5727,23,8,2024,,Onion Cove/Ship Cove/Cape Onion near St. Anthony,1,9701,1,1,1,Dead,Shore,Stranding,,,Dead,,,
Leatherback Turtle,51.6095,-55.6175,24,8,2024,,Onion Cove/Ship Cove/Cape Onion near St. Anthony,2,9701,1,1,1,Dead,Shore,Stranding,,,Dead,,,
Leatherback Turtle,47.4074,-59.3837,10,9,2024,13:19,Offshore,1,9701,1,1,1,Alive,Twin Otter,Free Swimming,,,,,,
Leatherback Turtle,47.4892,-58.7512,10,9,2024,14:49,Offshore,1,9701,1,1,1,Alive,Twin Otter,Free Swimming,,,,,,
Leatherback Turtle,47.4073,-57.5411,13,9,2024,12:54,Offshore,1,9701,1,1,1,Alive,Twin Otter,Free Swimming,,,,,,
Leatherback Turtle,47.4091,-57.5407,13,9,2024,12:54,Offshore,1,9701,1,1,1,Alive,Twin Otter,Free Swimming,,,,,,
Leatherback Turtle,46.0638,-57.5306,13,9,2024,15:59,Offshore,1,9701,1,1,1,Alive,Twin Otter,Free Swimming,,,,,,
Leatherback Turtle,47.1842,-56.1283,16,9,2024,13:20,Offshore,1,9701,1,1,1,Alive,Twin Otter,Free Swimming,,,,,,
Leatherback Turtle,46.2148,-56.6207,16,9,2024,17:13,Offshore,1,9701,1,1,1,Alive,Twin Otter,Free Swimming,,,,,,
Leatherback Turtle,48.2667,-51.25,18,9,2024,,Offshore,1,9701,1,1,1,Alive,Fishing Vessel,Free Swimming,,,,,,
Leatherback Turtle,47.7266,-53.5353,2,8,2024,2:00,Trinity Bay just off of Cavendish ,2,9701,1,1,1,Alive,Small boat,Free Swimming,,,,,,
Leatherback Turtle,47.3584,-59.1721,15,8,2024,20:13,Offshore,1,9701,1,1,1,Alive,Twin Otter,Free Swimming,,,,,,
Leatherback Turtle,47.0073,-56.1423,17,8,2024,13:13,Offshore,1,9701,1,3,3,Alive,Twin Otter,Free Swimming,,,,,,
Leatherback Turtle,47.2674,-56.1246,17,8,2024,13:22,Offshore,1,9701,1,3,3,Alive,Twin Otter,Free Swimming,,,,,,
Leatherback Turtle,47.3032,-56.1221,17,8,2024,13:23,Offshore,1,9701,1,1,1,Alive,Twin Otter,Free Swimming,,,,,,
Leatherback Turtle,47.3752,-56.1189,17,8,2024,13:26,Offshore,1,9701,1,1,1,Alive,Twin Otter,Free Swimming,,,,,,
Leatherback Turtle,47.3362,-56.0606,17,8,2024,13:31,Offshore,1,9701,1,8,8,Alive,Twin Otter,Free Swimming,,,,,,
Leatherback Turtle,47.2267,-56.5703,17,8,2024,17:23,Offshore,1,9701,1,1,1,Alive,Twin Otter,Free Swimming,,,,,,
Leatherback Turtle,47.2524,-56.5685,17,8,2024,17:24,Offshore,1,9701,1,1,1,Alive,Twin Otter,Free Swimming,,,,,,
Leatherback Turtle,46.9654,-57.0239,17,8,2024,18:58,Offshore,1,9701,1,1,1,Alive,Twin Otter,Free Swimming,,,,,,
Leatherback Turtle,47.2221,-57.0097,17,8,2024,19:06,Offshore,1,9701,1,1,1,Alive,Twin Otter,Free Swimming,,,,,,
Leatherback Turtle,47.2843,-57.0064,17,8,2024,19:08,Offshore,1,9701,1,1,1,Alive,Twin Otter,Free Swimming,,,,,,
Leatherback Turtle,47.2843,-57.0064,17,8,2024,19:08,Offshore,1,9701,1,1,1,Alive,Twin Otter,Free Swimming,,,,,,
Leatherback Turtle,50.0262,-57.7304,21,9,2024,,Parsons Pond,2,9701,1,1,1,Alive,Shore,Stranding,,,Alive,,,
Leatherback Turtle,46.7949,-54.0593,9,8,2024,,Point Lance  St. Mary's Bay,1,9701,1,1,1,Dead,Shore,Stranding,,,Dead,,,
Leatherback Turtle,46.7554,-57.4453,15,8,2024,13:54:40,Newfoundland South Coast,1,9701,1,1,1,Alive,Twin Otter,Free Swimming,,,,400,,
Leatherback Turtle,46.7535,-57.4453,15,8,2024,13:54:43,Newfoundland South Coast,1,9701,1,2,2,Alive,Twin Otter,Free Swimming,,,,400,,
Leatherback Turtle,47.4595,-57.081,15,8,2024,15:14:45,Newfoundland South Coast,1,9701,1,1,1,Alive,Twin Otter,Free Swimming,,,,200,,
Leatherback Turtle,47.4909,-57.0746,15,8,2024,15:15:49,Newfoundland South Coast,1,9701,1,1,1,Alive,Twin Otter,Free Swimming,,,,400,,
Leatherback Turtle,46.7391,-56.7837,15,8,2024,18:28:02,Newfoundland South Coast,1,9701,1,1,1,Alive,Twin Otter,Free Swimming,,,,100,,
Leatherback Turtle,47.6138,-56.5757,15,8,2024,18:58:53,Newfoundland South Coast,1,9701,1,1,1,Alive,Twin Otter,Free Swimming,,,,50,,
Leatherback Turtle,46.3095,-56.6088,15,8,2024,19:45:23,Newfoundland South Coast,1,9701,1,1,1,Alive,Twin Otter,Free Swimming,,,,100,,
Leatherback Turtle,45.5901,-56.637,15,8,2024,20:09:23,Newfoundland South Coast,1,9701,1,1,1,Alive,Twin Otter,Free Swimming,,,,400,,
Leatherback Turtle,46.0021,-56.4844,15,8,2024,20:46:59,Newfoundland South Coast,1,9701,1,1,1,Alive,Twin Otter,Free Swimming,,,,100,,
Leatherback Turtle,46.7554,-57.4453,15,8,2024,13:54,Offshore,1,9701,1,1,1,Alive,Twin Otter,Free Swimming,,,,,16,
Leatherback Turtle,46.7535,-57.4453,15,8,2024,13:54,Offshore,1,9701,1,1,1,Alive,Twin Otter,Free Swimming,,,,,25.7,
Leatherback Turtle,47.4595,-57.081,15,8,2024,15:14,Offshore,1,9701,1,1,1,Alive,Twin Otter,Free Swimming,,,,,19.2,
Leatherback Turtle,47.4909,-57.0746,15,8,2024,15:15,Offshore,1,9701,1,1,1,Alive,Twin Otter,Free Swimming,,,,,196.1,
Leatherback Turtle,46.7391,-56.7837,15,8,2024,18:28,Offshore,1,9701,1,1,1,Alive,Twin Otter,Free Swimming,,,,,105.6,
Leatherback Turtle,47.6138,-56.5757,15,8,2024,18:58,Offshore,1,9701,1,1,1,Alive,Twin Otter,Free Swimming,,,,,52.4,
Leatherback Turtle,46.3095,-56.6088,15,8,2024,19:45,Offshore,1,9701,1,1,1,Alive,Twin Otter,Free Swimming,,,,,189.4,
Leatherback Turtle,45.5901,-56.637,15,8,2024,20:09,Offshore,1,9701,1,1,1,Alive,Twin Otter,Free Swimming,,,,,225.8,
Leatherback Turtle,46.0021,-56.4844,15,8,2024,20:46,Offshore,1,9701,1,1,1,Alive,Twin Otter,Free Swimming,,,,,242.7,
Leatherback Turtle,46.4035,-56.1822,16,8,2024,11:39:10,Newfoundland South Coast,1,9701,1,1,1,Alive,Twin Otter,Free Swimming,,,,200,,
Leatherback Turtle,46.7606,-55.8894,16,8,2024,13:39:28,Newfoundland South Coast,1,9701,1,1,1,Alive,Twin Otter,Free Swimming,,,,200,,
Leatherback Turtle,46.4035,-56.1822,16,8,2024,11:39,Offshore,1,9701,1,1,1,Alive,Twin Otter,Free Swimming,,,,,52.4,
Leatherback Turtle,46.7606,-55.8894,16,8,2024,13:39,Offshore,1,9701,1,1,1,Alive,Twin Otter,Free Swimming,,,,,12.8,
Leatherback Turtle,47.575,-52.2889,17,8,2024,10:19:21,Newfoundland Northeast Coast,1,9701,1,1,1,Alive,Twin Otter,Free Swimming,,,,200,,
Leatherback Turtle,48.0497,-51.7715,17,8,2024,11:45:01,Newfoundland Northeast Coast,1,9701,1,1,1,Alive,Twin Otter,Free Swimming,,,,200,,
Leatherback Turtle,48.0497,-51.7715,17,8,2024,11:45:02,Newfoundland Northeast Coast,1,9701,1,1,1,Alive,Twin Otter,Free Swimming,,,,200,,
Leatherback Turtle,49.4743,-49.2805,17,8,2024,15:54:51,Newfoundland Northeast Coast,1,9701,1,1,1,Alive,Twin Otter,Free Swimming,,,,2000,,
Leatherback Turtle,49.5201,-49.0754,17,8,2024,15:59:44,Newfoundland Northeast Coast,1,9701,1,1,1,Alive,Twin Otter,Free Swimming,,,,2000,,
Leatherback Turtle,47.5232,-52.6186,20,8,2024,14:25,Cape Spear,2,9701,1,1,1,Alive,Shore,Free Swimming,,,,,,
Leatherback Turtle,50.915,-51.5295,22,8,2024,12:30:37,Newfoundland Northeast Coast,1,9701,1,1,1,Alive,Twin Otter,Free Swimming,,,,400,,
Leatherback Turtle,50.4738,-50.7102,22,8,2024,17:42:57,Newfoundland Northeast Coast,1,9701,1,1,1,Alive,Twin Otter,Free Swimming,,,,1000,,
Leatherback Turtle,47.6644,-54.7435,28,8,2024,,Terrenceville  Fortune Bay,1,9701,1,1,1,Alive,Unknown,Free Swimming,,,,,,
Leatherback Turtle,46.7731,-54.9933,28,8,2024,14:19:58,Newfoundland South Coast,1,9701,1,1,1,Alive,Twin Otter,Free Swimming,,,,400,,
Leatherback Turtle,48.4867,-50.926,1,9,2024,19:08:06,Newfoundland Northeast Coast,1,9701,1,1,1,Alive,Twin Otter,Free Swimming,,,,200,,
Leatherback Turtle,48.4867,-50.926,1,9,2024,19:08:07,Newfoundland Northeast Coast,1,9701,1,1,1,Alive,Twin Otter,Free Swimming,,,,200,,
Leatherback Turtle,46.2033,-53.367,4,9,2024,10:37:40,Newfoundland South Coast,1,9701,1,1,1,Alive,Twin Otter,Free Swimming,,,,200,,
Leatherback Turtle,44.5451,-53.8034,4,9,2024,12:02:53,Newfoundland South Coast,1,9701,1,1,1,Alive,Twin Otter,Free Swimming,,,,1000,,
Leatherback Turtle,45.5761,-53.6868,4,9,2024,12:41:06,Newfoundland South Coast,1,9701,1,1,1,Alive,Twin Otter,Free Swimming,,,,100,,
Leatherback Turtle,45.9765,-53.6343,4,9,2024,12:55:15,Newfoundland South Coast,1,9701,1,1,1,Alive,Twin Otter,Free Swimming,,,,200,,
Leatherback Turtle,46.0393,-53.6272,4,9,2024,12:57:24,Newfoundland South Coast,1,9701,1,1,1,Alive,Twin Otter,Free Swimming,,,,200,,
Leatherback Turtle,46.4475,-53.5785,4,9,2024,13:11:38,Newfoundland South Coast,1,9701,1,1,1,Alive,Twin Otter,Free Swimming,,,,100,,
Leatherback Turtle,46.5243,-53.5692,4,9,2024,13:14:16,Newfoundland South Coast,1,9701,1,1,1,Alive,Twin Otter,Free Swimming,,,,100,,
Leatherback Turtle,46.5243,-53.5692,4,9,2024,13:14:16,Newfoundland South Coast,1,9701,1,1,1,Alive,Twin Otter,Free Swimming,,,,100,,
Leatherback Turtle,46.553,-53.5652,4,9,2024,13:15:16,Newfoundland South Coast,1,9701,1,1,1,Alive,Twin Otter,Free Swimming,,,,50,,
Leatherback Turtle,47.3581,-54.3615,4,9,2024,15:04:38,Newfoundland South Coast,1,9701,1,1,1,Alive,Twin Otter,Free Swimming,,,,400,,
Leatherback Turtle,47.1586,-54.3871,4,9,2024,15:11:46,Newfoundland South Coast,1,9701,1,1,1,Alive,Twin Otter,Free Swimming,,,,400,,
Leatherback Turtle,46.7232,-54.4373,4,9,2024,15:26:56,Newfoundland South Coast,1,9701,1,1,1,Alive,Twin Otter,Free Swimming,,,,100,,
Leatherback Turtle,44.8804,-54.6387,4,9,2024,16:26:07,Newfoundland South Coast,1,9701,1,1,1,Alive,Twin Otter,Free Swimming,,,,2000,,
Leatherback Turtle,45.3822,-54.4389,4,9,2024,17:40:47,Newfoundland South Coast,1,9701,1,1,1,Alive,Twin Otter,Free Swimming,,,,200,,
Leatherback Turtle,45.758,-54.3509,4,9,2024,17:54:03,Newfoundland South Coast,1,9701,1,1,1,Alive,Twin Otter,Free Swimming,,,,100,,
Leatherback Turtle,46.2696,-54.2364,4,9,2024,18:11:30,Newfoundland South Coast,1,9701,1,1,1,Alive,Twin Otter,Free Swimming,,,,200,,
Leatherback Turtle,46.282,-54.2342,4,9,2024,18:11:56,Newfoundland South Coast,1,9701,1,1,1,Alive,Twin Otter,Free Swimming,,,,200,,
Leatherback Turtle,46.3762,-54.2103,4,9,2024,18:15:10,Newfoundland South Coast,1,9701,1,1,1,Alive,Twin Otter,Free Swimming,,,,200,,
Leatherback Turtle,46.4416,-54.1933,4,9,2024,18:17:24,Newfoundland South Coast,1,9701,1,1,1,Alive,Twin Otter,Free Swimming,,,,100,,
Leatherback Turtle,46.4436,-54.193,4,9,2024,18:17:28,Newfoundland South Coast,1,9701,1,1,1,Alive,Twin Otter,Free Swimming,,,,100,,
Leatherback Turtle,46.5652,-54.168,4,9,2024,18:21:29,Newfoundland South Coast,1,9701,1,1,1,Alive,Twin Otter,Free Swimming,,,,100,,
Leatherback Turtle,46.6712,-54.1421,4,9,2024,18:24:57,Newfoundland South Coast,1,9701,1,1,1,Alive,Twin Otter,Free Swimming,,,,100,,
Leatherback Turtle,46.7901,-54.1113,4,9,2024,18:28:46,Newfoundland South Coast,1,9701,1,1,1,Alive,Twin Otter,Free Swimming,,,,50,,
Leatherback Turtle,46.825,-55.6833,6,9,2024,,Lord's Cove  Placentia Bay,1,9701,1,1,1,Alive,Unknown,Free Swimming,,,,,,
Leatherback Turtle,46.7276,-51.9094,11,9,2024,10:28:03,Newfoundland South Coast,1,9701,1,1,1,Alive,Twin Otter,Free Swimming,,,,200,,
Leatherback Turtle,44.6879,-52.5127,11,9,2024,11:35:41,Newfoundland South Coast,1,9701,1,1,1,Alive,Twin Otter,Free Swimming,,,,100,,
Leatherback Turtle,44.9465,-52.6602,11,9,2024,12:17:27,Newfoundland South Coast,1,9701,1,1,1,Alive,Twin Otter,Free Swimming,,,,100,,
Leatherback Turtle,45.13,-52.6619,11,9,2024,12:23:18,Newfoundland South Coast,1,9701,1,1,1,Alive,Twin Otter,Free Swimming,,,,100,,
Leatherback Turtle,46.3663,-52.6662,11,9,2024,13:01:28,Newfoundland South Coast,1,9701,1,1,1,Alive,Twin Otter,Free Swimming,,,,200,,
Leatherback Turtle,46.6395,-52.6653,11,9,2024,13:09:53,Newfoundland South Coast,1,9701,1,1,1,Alive,Twin Otter,Free Swimming,,,,200,,
Leatherback Turtle,46.7288,-52.665,11,9,2024,13:12:36,Newfoundland South Coast,1,9701,1,1,1,Alive,Twin Otter,Free Swimming,,,,200,,
Leatherback Turtle,46.669,-51.05,11,9,2024,15:13:55,Newfoundland South Coast,1,9701,1,1,1,Alive,Twin Otter,Free Swimming,,,,100,,
Leatherback Turtle,46.0774,-51.2685,11,9,2024,15:34:21,Newfoundland South Coast,1,9701,1,1,1,Alive,Twin Otter,Free Swimming,,,,100,,
Leatherback Turtle,45.9551,-51.3118,11,9,2024,15:38:33,Newfoundland South Coast,1,9701,1,1,1,Alive,Twin Otter,Free Swimming,,,,100,,
Leatherback Turtle,45.7628,-51.3812,11,9,2024,15:45:09,Newfoundland South Coast,1,9701,1,1,1,Alive,Twin Otter,Free Swimming,,,,100,,
Leatherback Turtle,44.8905,-51.6989,11,9,2024,16:15:02,Newfoundland South Coast,1,9701,1,1,1,Alive,Twin Otter,Free Swimming,,,,100,,
Leatherback Turtle,47.3,-55.4,20,9,2024,,Garnish  F.B.,2,9701,1,1,1,Dead,Fishing Vessel,Entrapment,,,Dead,,,
Leatherback Turtle,47.3,-55.35,22,9,2024,,Garnish  F.B.,1,9701,1,1,1,Dead,Shore,Stranding,,,Dead,,,
Leatherback Turtle,46.8152,-52.8423,23,9,2024,15:03:12,Newfoundland Northeast Coast,1,9701,1,1,1,Alive,Twin Otter,Free Swimming,,,,100,,
Leatherback Turtle,46.9341,-52.3428,23,9,2024,15:15:52,Newfoundland Northeast Coast,1,9701,1,1,1,Alive,Twin Otter,Free Swimming,,,,200,,
Leatherback Turtle,46.9341,-52.3428,23,9,2024,15:15:53,Newfoundland Northeast Coast,1,9701,1,1,1,Alive,Twin Otter,Free Swimming,,,,200,,
Leatherback Turtle,47.3731,-50.4936,23,9,2024,16:00:48,Newfoundland Northeast Coast,1,9701,1,1,1,Alive,Twin Otter,Free Swimming,,,,200,,
Leatherback Turtle,47.4681,-50.085,23,9,2024,16:10:55,Newfoundland Northeast Coast,1,9701,1,1,1,Alive,Twin Otter,Free Swimming,,,,100,,
Leatherback Turtle,47.44,-52.2566,23,9,2024,17:32:18,Newfoundland Northeast Coast,1,9701,1,1,1,Alive,Twin Otter,Free Swimming,,,,200,,
Leatherback Turtle,47.0185,-54.8286,25,9,2024,14:42:11,Newfoundland South Coast,1,9701,1,1,1,Alive,Twin Otter,Free Swimming,,,,200,,
Leatherback Turtle,46.5677,-54.8779,25,9,2024,14:58:09,Newfoundland South Coast,1,9701,1,1,1,Alive,Twin Otter,Free Swimming,,,,400,,
Leatherback Turtle,45.4894,-54.8305,25,9,2024,17:14:58,Newfoundland South Coast,1,9701,1,1,1,Alive,Twin Otter,Free Swimming,,,,100,,
Leatherback Turtle,46.6342,-54.5848,25,9,2024,17:54:57,Newfoundland South Coast,1,9701,1,1,1,Alive,Twin Otter,Free Swimming,,,,200,,
Leatherback Turtle,46.6342,-54.5848,25,9,2024,17:54:58,Newfoundland South Coast,1,9701,1,1,1,Alive,Twin Otter,Free Swimming,,,,200,,
Leatherback Turtle,46.9345,-54.517,25,9,2024,18:05:18,Newfoundland South Coast,1,9701,1,1,1,Alive,Twin Otter,Free Swimming,,,,200,,
Leatherback Turtle,47.064,-54.4873,25,9,2024,18:09:51,Newfoundland South Coast,1,9701,1,1,1,Alive,Twin Otter,Free Swimming,,,,200,,
Leatherback Turtle,47.1044,-54.4806,25,9,2024,18:11:13,Newfoundland South Coast,1,9701,1,2,2,Alive,Twin Otter,Free Swimming,,,,200,,
Leatherback Turtle,48.2343,-53.4816,4,10,2024,,Ireland's Eye  Trinity Bay,1,9701,1,1,1,Alive,Unknown,Free Swimming,,,,,,
Leatherback Turtle,48.9797,-57.9216,18,11,2024,,Hughes Brook  Bay of Islands,1,9701,1,1,1,Alive,Unknown,Free Swimming,,,,,,
Leatherback Turtle,45.8058,-49.3827,22,8,2024,8:00,Offshore,1,9701,1,1,1,Alive,Fishing Vessel - Observer Trip,Entrapment,,,Alive,,,250
Leatherback Turtle,45.5866,-56.2272,22,8,2024,13:44,Offshore,1,9701,1,1,1,Alive,Twin Otter,Free Swimming,,,,,,
Leatherback Turtle,46.5008,-56.1754,22,8,2024,14:11,Offshore,1,9701,1,1,1,Alive,Twin Otter,Free Swimming,,,,,,
Leatherback Turtle,45.1949,-56.6173,27,8,2024,12:22,Offshore,1,9701,1,1,1,Alive,Twin Otter,Free Swimming,,,,,,
Leatherback Turtle,45.6294,-56.651,27,8,2024,12:55,Offshore,1,9701,1,2,2,Alive,Twin Otter,Free Swimming,,,,,,
Leatherback Turtle,46.0579,-56.6298,27,8,2024,13:09,Offshore,1,9701,1,1,1,Alive,Twin Otter,Free Swimming,,,,,,
Leatherback Turtle,46.1362,-56.8936,27,8,2024,16:17,Offshore,1,9701,1,1,1,Alive,Twin Otter,Free Swimming,,,,,,
Leatherback Turtle,45.274,-57.0966,27,8,2024,16:56,Offshore,1,9701,1,1,1,Alive,Twin Otter,Free Swimming,,,,,,
Leatherback Turtle,46.9154,-57.2191,27,8,2024,18:35,Offshore,1,9701,1,1,1,Alive,Twin Otter,Free Swimming,,,,,,
Leatherback Turtle,47.5147,-57.442,28,8,2024,12:56,Offshore,1,9701,1,1,1,Alive,Twin Otter,Free Swimming,,,,,,
Leatherback Turtle,46.5359,-58.1818,29,8,2024,12:04,Offshore,1,9701,1,1,1,Alive,Twin Otter,Free Swimming,,,,,,
Leatherback Turtle,47.5671,-58.32,29,8,2024,12:58,Offshore,1,9701,1,1,1,Alive,Twin Otter,Free Swimming,,,,,,
Leatherback Turtle,47.4454,-58.4328,29,8,2024,13:15,Offshore,1,9701,1,1,1,Alive,Twin Otter,Free Swimming,,,,,,
Leatherback Turtle,47.0484,-58.5366,29,8,2024,13:27,Offshore,1,9701,1,1,1,Alive,Twin Otter,Free Swimming,,,,,,
Leatherback Turtle,46.6453,-58.6408,29,8,2024,13:40,Offshore,1,9701,1,1,1,Alive,Twin Otter,Free Swimming,,,,,,
Leatherback Turtle,48.3158,-58.7087,,6,2024,,Fischels  NL,2,9701,1,1,1,Dead,Shore,Stranding,,,Dead,,,
Leatherback Turtle,49.6513,-47.4727,19,8,2024,14:50,Offshore,1,9701,1,1,1,Alive,Small boat,Free Swimming,,,,,,
Leatherback Turtle,47.5989,-53.7074,9,9,2024,,Trinity Bay,2,9701,1,1,1,Alive,Whale Watching RHIB,Free Swimming,,,,,,
Leatherback Turtle,46.8533,-57.8567,5,8,2024,9:40,,1,9701,1,1,1,Alive,Small boat,Free Swimming,,,,,,
Leatherback Turtle,47.4867,-59.0152,14,8,2024,12:24,Cabot Strait,1,9701,1,1,1,Alive,Ferry,Free Swimming,,,,,75,
Leatherback Turtle,46.7683,-59.805,15,8,2024,15:36,Cabot Strait,1,9701,1,1,1,Alive,Ferry,Free Swimming,,,,,30,
Leatherback Turtle,47.5017,-59.165,21,8,2024,12:14,Cabot Strait,1,9701,1,1,1,Alive,Ferry,Free Swimming,,,,,30,
Leatherback Turtle,47.5417,-52.6258,20,9,2024,,St. John's,1,9701,1,1,1,Alive,Research Vessel,Free Swimming,,,,,,
Leatherback Turtle,49.5434,-55.4183,22,10,2024,,Notre Dame Bay,1,9701,1,1,1,Alive,Small boat,Free Swimming,,,,,,
Leatherback Turtle,47.3754,-60.3079,7,7,2024,12:52,Offshore,1,9701,1,1,1,Alive,Twin Otter,Free Swimming,,,,,,
Leatherback Turtle,47.0405,-62.0597,19,7,2024,12:14,Offshore,1,9701,1,1,1,Alive,Twin Otter,Free Swimming,,,,,,
Leatherback Turtle,47.2136,-60.9032,19,7,2024,19:45,Offshore,1,9701,1,1,1,Alive,Twin Otter,Free Swimming,,,,,,
Leatherback Turtle,47.5439,-61.194,21,7,2024,12:53,Offshore,1,9701,1,1,1,Alive,Twin Otter,Free Swimming,,,,,,
Leatherback Turtle,47.3217,-59.2333,8,8,2024,17:09,Cabot Strait,1,9701,1,1,1,Alive,Ferry,Free Swimming,,,,,50,
Leatherback Turtle,44.8805,-66.4168,8,8,2024,16:10,Offshore,1,9701,1,1,1,Alive,Twin Otter,Free Swimming,,,,,,
Leatherback Turtle,46.9233,-59.5633,16,8,2024,15:35,Cabot Strait,1,9701,1,1,1,Alive,Ferry,Free Swimming,,,,,100,
Leatherback Turtle,43.2501,-64.976,18,8,2024,14:52,Offshore,1,9701,1,1,1,Alive,Twin Otter,Free Swimming,,,,,,
Leatherback Turtle,43.1376,-65.7052,21,8,2024,20:49,Offshore,1,9701,1,1,1,Alive,Twin Otter,Free Swimming,,,,,,
Leatherback Turtle,46.6233,-59.51,23,8,2024,15:00,Cabot Strait,1,9701,1,1,1,Alive,Ferry,Free Swimming,,,,,100,
Leatherback Turtle,42.8325,-66.2462,28,8,2024,15:45,Offshore,1,9701,1,1,1,Alive,Twin Otter,Free Swimming,,,,,,
Leatherback Turtle,42.4083,-65.9071,28,8,2024,16:01,Offshore,1,9701,1,1,1,Alive,Twin Otter,Free Swimming,,,,,,
Leatherback Turtle,42.9011,-64.4012,29,8,2024,12:08,Offshore,1,9701,1,1,1,Alive,Twin Otter,Free Swimming,,,,,,
Leatherback Turtle,43.3508,-64.5225,29,8,2024,14:07,Offshore,1,9701,1,1,1,Alive,Twin Otter,Free Swimming,,,,,,
Leatherback Turtle,42.9346,-63.6264,29,8,2024,18:02,Offshore,1,9701,1,1,1,Alive,Twin Otter,Free Swimming,,,,,,
Leatherback Turtle,43.4859,-64.1,29,8,2024,18:22,Offshore,1,9701,1,1,1,Alive,Twin Otter,Free Swimming,,,,,,
Unknown Turtle,43.0172,-64.6349,14,6,2024,14:08,Offshore,1,20,1,1,1,Alive,Twin Otter,Free Swimming,,,,,,
Unknown Turtle,42.254,-65.2587,18,6,2024,17:29,Offshore,1,20,1,1,1,Alive,Twin Otter,Free Swimming,,,,,,
Unknown Turtle,42.4671,-65.4253,18,6,2024,17:37,Offshore,1,20,1,1,1,Alive,Twin Otter,Free Swimming,,,,,,
Unknown Turtle,41.7432,-64.989,24,6,2024,17:48,Offshore,1,20,1,1,1,Alive,Twin Otter,Free Swimming,,,,,,
Leatherback Turtle,46.9185,-57.4919,14,7,2024,15:48,Offshore,1,9701,1,1,1,Alive,Twin Otter,Free Swimming,,,,,,
Leatherback Turtle,46.5626,-53.2006,26,7,2024,16:13,Offshore,1,9701,1,1,1,Alive,Twin Otter,Free Swimming,,,,,,
Leatherback Turtle,45.7352,-52.8881,26,7,2024,18:22,Offshore,1,9701,1,1,1,Alive,Twin Otter,Free Swimming,,,,,,
Unknown Turtle,46.0518,-49.4463,30,7,2024,17:36,Offshore,1,20,1,1,1,Alive,Twin Otter,Free Swimming,,,,,,
Leatherback Turtle,44.9936,-53.9352,2,8,2024,13:35,Offshore,1,9701,1,1,1,Alive,Twin Otter,Free Swimming,,,,,,
Leatherback Turtle,46.8245,-53.7848,2,8,2024,14:36,Offshore,1,9701,1,1,1,Alive,Twin Otter,Free Swimming,,,,,,
Leatherback Turtle,46.825,-53.7848,2,8,2024,14:36,Offshore,1,9701,1,1,1,Alive,Twin Otter,Free Swimming,,,,,,
Leatherback Turtle,46.846,-53.7826,2,8,2024,14:36,Offshore,1,9701,1,1,1,Alive,Twin Otter,Free Swimming,,,,,,
Leatherback Turtle,46.8471,-53.7825,2,8,2024,14:36,Offshore,1,9701,1,1,1,Alive,Twin Otter,Free Swimming,,,,,,
Leatherback Turtle,46.9573,-53.7737,2,8,2024,14:40,Offshore,1,9701,1,1,1,Alive,Twin Otter,Free Swimming,,,,,,
Leatherback Turtle,46.327,-53.6241,2,8,2024,16:49,Offshore,1,9701,1,1,1,Alive,Twin Otter,Free Swimming,,,,,,
Leatherback Turtle,46.1211,-53.613,2,8,2024,16:57,Offshore,1,9701,1,1,1,Alive,Twin Otter,Free Swimming,,,,,,
Leatherback Turtle,46.664,-53.3011,2,8,2024,19:21,Offshore,1,9701,1,1,1,Alive,Twin Otter,Free Swimming,,,,,,
Leatherback Turtle,50.8007,-58.6328,14,8,2024,13:44,Offshore,1,9701,1,1,1,Alive,Twin Otter,Free Swimming,,,,,,
Leatherback Turtle,47.6929,-51.6893,15,8,2024,14:37,Offshore,1,9701,1,1,1,Alive,Twin Otter,Free Swimming,,,,,,
Leatherback Turtle,45.9879,-54.3271,17,8,2024,15:10,Offshore,1,9701,1,1,1,Alive,Twin Otter,Free Swimming,,,,,,
Leatherback Turtle,46.748,-52.6961,22,8,2024,14:30,Offshore,1,9701,1,1,1,Alive,Twin Otter,Free Swimming,,,,,,
Leatherback Turtle,47.693,-51.6404,22,8,2024,14:38,Offshore,1,9701,1,1,1,Alive,Twin Otter,Free Swimming,,,,,,
Leatherback Turtle,47.692,-51.5882,22,8,2024,14:39,Offshore,1,9701,1,1,1,Alive,Twin Otter,Free Swimming,,,,,,
Leatherback Turtle,46.4749,-51.8496,23,8,2024,14:00,Offshore,1,9701,1,1,1,Alive,Twin Otter,Free Swimming,,,,,,
Unknown Turtle,49.3534,-53.4083,24,8,2024,13:38,Offshore,1,20,1,1,1,Alive,Twin Otter,Free Swimming,,,,,,
Leatherback Turtle,49.9695,-53.6364,26,8,2024,14:40,Offshore,1,9701,1,1,1,Alive,Twin Otter,Free Swimming,,,,,,
Leatherback Turtle,49.9066,-53.9945,26,8,2024,14:49,Offshore,1,9701,1,1,1,Alive,Twin Otter,Free Swimming,,,,,,
Leatherback Turtle,46.7005,-59.5963,30,8,2024,13:46,Offshore,1,9701,1,1,1,Alive,Twin Otter,Free Swimming,,,,,,
Leatherback Turtle,47.0458,-59.3786,30,8,2024,14:50,Offshore,1,9701,1,1,1,Alive,Twin Otter,Free Swimming,,,,,,
Leatherback Turtle,47.0013,-59.4533,30,8,2024,14:52,Offshore,1,9701,1,1,1,Alive,Twin Otter,Free Swimming,,,,,,
Leatherback Turtle,47.0571,-59.7417,30,8,2024,16:00,Offshore,1,9701,1,1,1,Alive,Twin Otter,Free Swimming,,,,,,
Leatherback Turtle,41.9578,-66.2541,11,6,2024,12:52,Offshore,1,9701,1,1,1,Alive,Twin Otter,Free Swimming,,,,,,
Leatherback Turtle,42.3771,-65.1683,12,6,2024,18:27,Offshore,1,9701,1,1,1,Alive,Twin Otter,Free Swimming,,,,,,
Leatherback Turtle,41.459,-64.199,16,6,2024,14:21,Offshore,1,9701,1,1,1,Alive,Twin Otter,Free Swimming,,,,,,
Leatherback Turtle,42.1777,-64.2383,19,6,2024,18:16,Offshore,1,9701,1,1,1,Alive,Twin Otter,Free Swimming,,,,,,
Leatherback Turtle,42.1777,-64.2383,19,6,2024,18:16,Offshore,1,9701,1,1,1,Alive,Twin Otter,Free Swimming,,,,,,
Leatherback Turtle,42.995,-64.7384,22,6,2024,15:47,Offshore,1,9701,1,1,1,Alive,Twin Otter,Free Swimming,,,,,,
Leatherback Turtle,42.3991,-65.1233,30,6,2024,16:18,Offshore,1,9701,1,1,1,Alive,Twin Otter,Free Swimming,,,,,,
Leatherback Turtle,42.4052,-65.0007,30,6,2024,17:35,Offshore,1,9701,1,1,1,Alive,Twin Otter,Free Swimming,,,,,,
Leatherback Turtle,42.4052,-65.0007,30,6,2024,17:35,Offshore,1,9701,1,1,1,Alive,Twin Otter,Free Swimming,,,,,,
Unknown Turtle,48.3662,-58.9083,14,7,2024,11:05,Offshore,1,20,1,1,1,Alive,Twin Otter,Free Swimming,,,,,,
Unknown Turtle,48.8638,-59.7907,15,7,2024,13:43,Offshore,1,20,1,1,1,Alive,Twin Otter,Free Swimming,,,,,,
Leatherback Turtle,43.4617,-64.7753,31,7,2024,12:07,Offshore,1,9701,1,1,1,Alive,Twin Otter,Free Swimming,,,,,,
Leatherback Turtle,43.2811,-64.3536,31,7,2024,14:05,Offshore,1,9701,1,1,1,Alive,Twin Otter,Free Swimming,,,,,,
Leatherback Turtle,46.6594,-59.4588,5,8,2024,19:14,Offshore,1,9701,1,1,1,Alive,Twin Otter,Free Swimming,,,,,,
Leatherback Turtle,46.6881,-59.4088,5,8,2024,19:16,Offshore,1,9701,1,1,1,Alive,Twin Otter,Free Swimming,,,,,,
Leatherback Turtle,46.6913,-59.4032,5,8,2024,19:16,Offshore,1,9701,1,1,1,Alive,Twin Otter,Free Swimming,,,,,,
Leatherback Turtle,46.5274,-59.323,5,8,2024,20:36,Offshore,1,9701,1,1,1,Alive,Twin Otter,Free Swimming,,,,,,
Leatherback Turtle,47.2971,-59.8846,6,8,2024,14:49,Offshore,1,9701,1,1,1,Alive,Twin Otter,Free Swimming,,,,,,
Leatherback Turtle,47.0988,-59.8425,6,8,2024,15:40,Offshore,1,9701,1,1,1,Alive,Twin Otter,Free Swimming,,,,,,
Leatherback Turtle,46.9649,-60.0711,6,8,2024,15:48,Offshore,1,9701,1,1,1,Alive,Twin Otter,Free Swimming,,,,,,
Leatherback Turtle,46.8408,-59.906,6,8,2024,16:24,Offshore,1,9701,1,1,1,Alive,Twin Otter,Free Swimming,,,,,,
Leatherback Turtle,46.859,-59.8744,6,8,2024,16:25,Offshore,1,9701,1,1,1,Alive,Twin Otter,Free Swimming,,,,,,
Leatherback Turtle,46.8623,-59.8683,6,8,2024,16:26,Offshore,1,9701,1,1,1,Alive,Twin Otter,Free Swimming,,,,,,
Leatherback Turtle,46.9967,-59.6386,6,8,2024,16:33,Offshore,1,9701,1,1,1,Alive,Twin Otter,Free Swimming,,,,,,
Leatherback Turtle,46.9309,-59.3649,6,8,2024,18:02,Offshore,1,9701,1,1,1,Alive,Twin Otter,Free Swimming,,,,,,
Leatherback Turtle,46.7723,-59.6417,6,8,2024,18:11,Offshore,1,9701,1,1,1,Alive,Twin Otter,Free Swimming,,,,,,
Leatherback Turtle,46.7714,-59.6433,6,8,2024,18:11,Offshore,1,9701,1,1,1,Alive,Twin Otter,Free Swimming,,,,,,
Leatherback Turtle,46.7534,-59.673,6,8,2024,18:12,Offshore,1,9701,1,2,2,Alive,Twin Otter,Free Swimming,,,,,,
Leatherback Turtle,46.7185,-59.7346,6,8,2024,18:14,Offshore,1,9701,1,1,1,Alive,Twin Otter,Free Swimming,,,,,,
Leatherback Turtle,46.6917,-59.7837,6,8,2024,18:15,Offshore,1,9701,1,1,1,Alive,Twin Otter,Free Swimming,,,,,,
Leatherback Turtle,46.6911,-59.7847,6,8,2024,18:15,Offshore,1,9701,1,1,1,Alive,Twin Otter,Free Swimming,,,,,,
Leatherback Turtle,46.5324,-59.6785,6,8,2024,19:55,Offshore,1,9701,1,1,1,Alive,Twin Otter,Free Swimming,,,,,,
Leatherback Turtle,46.6941,-59.3951,6,8,2024,20:03,Offshore,1,9701,1,1,1,Alive,Twin Otter,Free Swimming,,,,,,
Leatherback Turtle,46.7023,-59.3814,6,8,2024,20:04,Offshore,1,9701,1,1,1,Alive,Twin Otter,Free Swimming,,,,,,
Leatherback Turtle,47.2134,-58.4968,6,8,2024,20:31,Offshore,1,9701,1,1,1,Alive,Twin Otter,Free Swimming,,,,,,
Leatherback Turtle,43.216,-63.7622,13,8,2024,15:23,Offshore,1,9701,1,1,1,Alive,Twin Otter,Free Swimming,,,,,,
Leatherback Turtle,44.9962,-61.46,15,8,2024,14:48,Offshore,1,9701,1,1,1,Alive,Twin Otter,Free Swimming,,,,,,
Leatherback Turtle,43.8912,-59.2496,29,8,2024,18:41,Offshore,1,9701,1,1,1,Alive,Twin Otter,Free Swimming,,,,,,
Leatherback Turtle,42.0415,-65.4814,12,9,2024,16:58,Offshore,1,9701,1,1,1,Alive,Twin Otter,Free Swimming,,,,,,
Leatherback Turtle,51.5236,-56.3223,21,9,2024,13:57,Offshore,1,9701,1,1,1,Alive,Twin Otter,Free Swimming,,,,,,
Leatherback Turtle,51.0757,-57.9425,21,9,2024,17:13,Offshore,1,9701,1,1,1,Alive,Twin Otter,Free Swimming,,,,,,
Leatherback Turtle,47.0054,-52.0232,13,7,2024,15:20,Offshore,1,9701,1,1,1,Alive,Twin Otter,Free Swimming,,,,,,
Leatherback Turtle,46.9467,-59.1187,26,7,2024,15:42,Offshore,1,9701,1,1,1,Alive,Twin Otter,Free Swimming,,,,,,
Leatherback Turtle,46.738,-59.8459,26,7,2024,17:36,Offshore,1,9701,1,1,1,Alive,Twin Otter,Free Swimming,,,,,,
Leatherback Turtle,46.7128,-60.2743,26,7,2024,18:17,Offshore,1,9701,1,1,1,Alive,Twin Otter,Free Swimming,,,,,,
Leatherback Turtle,47.036,-60.1016,26,7,2024,20:25,Offshore,1,9701,1,1,1,Alive,Twin Otter,Free Swimming,,,,,,
Leatherback Turtle,47.0208,-60.1263,26,7,2024,20:26,Offshore,1,9701,1,1,1,Alive,Twin Otter,Free Swimming,,,,,,
Leatherback Turtle,46.9264,-60.2886,26,7,2024,20:31,Offshore,1,9701,1,1,1,Alive,Twin Otter,Free Swimming,,,,,,
Unknown Turtle,47.3825,-57.0575,4,8,2024,11:56,Offshore,1,20,1,1,1,Alive,Twin Otter,Free Swimming,,,,,,
Leatherback Turtle,47.0029,-56.6586,4,8,2024,16:46,Offshore,1,9701,1,1,1,Alive,Twin Otter,Free Swimming,,,,,,
Leatherback Turtle,47.4669,-56.6321,4,8,2024,17:01,Offshore,1,9701,1,1,1,Alive,Twin Otter,Free Swimming,,,,,,
Leatherback Turtle,47.4984,-56.6311,4,8,2024,17:02,Offshore,1,9701,1,1,1,Alive,Twin Otter,Free Swimming,,,,,,
Leatherback Turtle,47.5474,-56.6292,4,8,2024,17:03,Offshore,1,9701,1,1,1,Alive,Twin Otter,Free Swimming,,,,,,
Leatherback Turtle,46.4583,-53.1089,5,8,2024,16:53,Offshore,1,9701,1,1,1,Alive,Twin Otter,Free Swimming,,,,,,
Leatherback Turtle,46.924,-58.3904,7,8,2024,14:55,Offshore,1,9701,1,1,1,Alive,Twin Otter,Free Swimming,,,,,,
Leatherback Turtle,45.6678,-54.9705,8,8,2024,19:41,Offshore,1,9701,1,1,1,Alive,Twin Otter,Free Swimming,,,,,,
Leatherback Turtle,46.3661,-54.7483,8,8,2024,21:32,Offshore,1,9701,1,1,1,Alive,Twin Otter,Free Swimming,,,,,,
Leatherback Turtle,46.9484,-54.7054,8,8,2024,21:53,Offshore,1,9701,1,1,1,Alive,Twin Otter,Free Swimming,,,,,,
Leatherback Turtle,46.9488,-54.7054,8,8,2024,21:53,Offshore,1,9701,1,1,1,Alive,Twin Otter,Free Swimming,,,,,,
Unknown Turtle,45.9329,-56.2148,16,8,2024,17:33,Offshore,1,20,1,1,1,Alive,Twin Otter,Free Swimming,,,,,,
Unknown Turtle,46.1063,-55.9632,17,8,2024,15:05,Offshore,1,20,1,1,1,Alive,Twin Otter,Free Swimming,,,,,,
Leatherback Turtle,55.2299,-60.3256,18,8,2024,,Hopedale  Labrador,2,9701,1,1,1,Alive,Patrol RHIB,Free Swimming,,,,,,
Leatherback Turtle,45.5472,-49.755,18,8,2024,16:34,Offshore,1,9701,1,1,1,Alive,Twin Otter,Free Swimming,,,,,,
Leatherback Turtle,46.0249,-48.0555,18,8,2024,20:44,Offshore,1,9701,1,1,1,Alive,Twin Otter,Free Swimming,,,,,,
Leatherback Turtle,46.665,-53.362,22,8,2024,9:26,,1,9701,1,1,1,Alive,Sailboat,Free Swimming,,,,,,
Leatherback Turtle,46.6151,-53.6431,23,8,2024,15:08,,1,9701,1,1,1,Alive,Sailboat,Free Swimming,,,,,20,
Leatherback Turtle,46.6149,-53.6617,23,8,2024,15:18,,1,9701,1,1,1,Alive,Sailboat,Free Swimming,,,,,,
Leatherback Turtle,46.6168,-53.6852,23,8,2024,15:28,,1,9701,1,1,1,Alive,Sailboat,Free Swimming,,,,,,
Leatherback Turtle,47.5497,-55.0114,23,8,2024,19:20,Offshore,1,9701,1,1,1,Alive,Twin Otter,Free Swimming,,,,,,
Leatherback Turtle,46.914,-55.0481,24,8,2024,15:21,Offshore,1,9701,1,1,1,Alive,Twin Otter,Free Swimming,,,,,,
Leatherback Turtle,46.9908,-54.3449,24,8,2024,15:50,Offshore,1,9701,1,1,1,Alive,Twin Otter,Free Swimming,,,,,,
Leatherback Turtle,47.1709,-54.2908,24,8,2024,16:39,Offshore,1,9701,1,1,1,Alive,Twin Otter,Free Swimming,,,,,,
Leatherback Turtle,47.339,-54.0745,24,8,2024,17:05,Offshore,1,9701,1,1,1,Alive,Twin Otter,Free Swimming,,,,,,
Leatherback Turtle,46.7943,-52.2339,25,8,2024,13:09,Offshore,1,9701,1,1,1,Alive,Twin Otter,Free Swimming,,,,,,
Leatherback Turtle,46.786,-52.2349,25,8,2024,13:09,Offshore,1,9701,1,1,1,Alive,Twin Otter,Free Swimming,,,,,,
Leatherback Turtle,46.5904,-52.2724,25,8,2024,13:16,Offshore,1,9701,1,1,1,Alive,Twin Otter,Free Swimming,,,,,,
Leatherback Turtle,46.1214,-52.624,25,8,2024,15:38,Offshore,1,9701,1,1,1,Alive,Twin Otter,Free Swimming,,,,,,
Leatherback Turtle,46.4284,-52.6371,25,8,2024,15:49,Offshore,1,9701,1,1,1,Alive,Twin Otter,Free Swimming,,,,,,
Leatherback Turtle,46.4609,-52.6385,25,8,2024,15:50,Offshore,1,9701,1,1,1,Alive,Twin Otter,Free Swimming,,,,,,
Leatherback Turtle,46.573,-52.6423,25,8,2024,15:54,Offshore,1,9701,1,1,1,Alive,Twin Otter,Free Swimming,,,,,,
Leatherback Turtle,46.607,-52.6427,25,8,2024,15:55,Offshore,1,9701,1,1,1,Alive,Twin Otter,Free Swimming,,,,,,
Leatherback Turtle,46.514,-53.5873,25,8,2024,17:44,Offshore,1,9701,1,1,1,Alive,Twin Otter,Free Swimming,,,,,,
Leatherback Turtle,46.3202,-53.5797,25,8,2024,17:50,Offshore,1,9701,1,1,1,Alive,Twin Otter,Free Swimming,,,,,,
Leatherback Turtle,46.255,-53.2932,25,8,2024,20:06,Offshore,1,9701,1,1,1,Alive,Twin Otter,Free Swimming,,,,,,
Leatherback Turtle,46.3784,-53.2814,25,8,2024,20:10,Offshore,1,9701,1,1,1,Alive,Twin Otter,Free Swimming,,,,,,
Leatherback Turtle,46.4578,-53.2722,25,8,2024,20:13,Offshore,1,9701,1,1,1,Alive,Twin Otter,Free Swimming,,,,,,
Leatherback Turtle,46.4593,-53.2721,25,8,2024,20:13,Offshore,1,9701,1,1,1,Alive,Twin Otter,Free Swimming,,,,,,
Leatherback Turtle,,,25,8,2024,20:16,Offshore,1,9701,1,1,1,Alive,Twin Otter,Free Swimming,,,,,,
Leatherback Turtle,46.5841,-53.2584,25,8,2024,20:17,Offshore,1,9701,1,1,1,Alive,Twin Otter,Free Swimming,,,,,,
Leatherback Turtle,46.5976,-53.2568,25,8,2024,20:17,Offshore,1,9701,1,1,1,Alive,Twin Otter,Free Swimming,,,,,,
Leatherback Turtle,46.5986,-53.2567,25,8,2024,20:17,Offshore,1,9701,1,1,1,Alive,Twin Otter,Free Swimming,,,,,,
Leatherback Turtle,46.2352,-54.5297,26,8,2024,14:05,Offshore,1,9701,1,1,1,Alive,Twin Otter,Free Swimming,,,,,,
Leatherback Turtle,46.2875,-54.5333,26,8,2024,14:06,Offshore,1,9701,1,1,1,Alive,Twin Otter,Free Swimming,,,,,,
Leatherback Turtle,46.3913,-54.54,26,8,2024,14:10,Offshore,1,9701,1,2,2,Alive,Twin Otter,Free Swimming,,,,,,
Leatherback Turtle,45.2051,-48.7353,22,7,2024,14:28,Offshore,1,9701,1,1,1,Alive,Twin Otter,Free Swimming,,,,,,
Unknown Turtle,47.7086,-50.4939,24,7,2024,17:28,Offshore,1,20,2,1,1,Alive,Twin Otter,Free Swimming,,,,,,
Leatherback Turtle,48.0839,-52.5749,25,7,2024,20:01,Offshore,1,9701,1,1,1,Alive,Twin Otter,Free Swimming,,,,,,
Leatherback Turtle,46.6924,-57.6386,25,7,2024,14:08,Offshore,1,9701,1,1,1,Alive,Twin Otter,Free Swimming,,,,,,
Leatherback Turtle,46.6928,-57.6386,25,7,2024,14:08,Offshore,1,9701,1,1,1,Alive,Twin Otter,Free Swimming,,,,,,
Leatherback Turtle,47.4007,-57.6287,25,7,2024,14:32,Offshore,1,9701,1,1,1,Alive,Twin Otter,Free Swimming,,,,,,
Leatherback Turtle,47.4599,-57.6275,25,7,2024,14:34,Offshore,1,9701,1,1,1,Alive,Twin Otter,Free Swimming,,,,,,
Leatherback Turtle,46.274,-57.4337,25,7,2024,17:53,Offshore,1,9701,1,1,1,Alive,Twin Otter,Free Swimming,,,,,,
Leatherback Turtle,47.3353,-55.7089,13,7,2024,16:17,Fortune Bay,1,9701,1,1,1,Alive,RHIB,Free Swimming,,,,,,
Leatherback Turtle,48.7883,-52.8033,19,9,2024,,,1,9701,1,1,1,Alive,Research Vessel,Free Swimming,,,,,,
Leatherback Turtle,49.6279,-54.7851,11,9,2024,9:34,Twillingate  N.D.B.,1,9701,1,1,1,Alive,Small boat,Free Swimming,,,,,4,
